speaker_id,sentence_id,sentence_number,repetition_index,list_id,token_index,phoneme_label,phoneme_label_raw,word_label,onset,offset,duration,duration_ms,l1_status,native_language,gender,age,fr_level,ru_level,recording_duration,speaker_l1_from_filename,textgrid_path,wav_path,is_vowel,is_fricative,midpoint_s,f1_hz,f2_hz,f3_hz,f1_25_hz,f2_25_hz,f3_25_hz,f1_75_hz,f2_75_hz,f3_75_hz,f0_mean_hz,scg_hz,rms_energy,max_formant_hz,extraction_error
AB,FRcorp1,1,1,list1,2,d,d,dis,1.1,1.28,0.1799999999999999,179.99999999999994,L2,ru,f,22,A1,C2,153.11,rus,ru-fr_interference/2/wav_et_textgrids/FRcorp_textgrids_only/AB/ab_rus_list1_FRcorp1.TextGrid,ru-fr_interference/2/wav_et_textgrids/FRcorp_textgrids_only/AB/ab_rus_list1_FRcorp1.wav,False,False,1.19,208.20409420786464,830.4024920418195,,,,,,,,203.4126732149825,,0.005560149712590042,5000,
AB,FRcorp1,1,1,list1,3,i,i,dis,1.28,1.57,0.29,290.00000000000006,L2,ru,f,22,A1,C2,153.11,rus,ru-fr_interference/2/wav_et_textgrids/FRcorp_textgrids_only/AB/ab_rus_list1_FRcorp1.TextGrid,ru-fr_interference/2/wav_et_textgrids/FRcorp_textgrids_only/AB/ab_rus_list1_FRcorp1.wav,True,False,1.425,308.46755725509695,337.821819113664,2718.870746887301,416.2422644100258,2630.2146230177113,3745.216366902706,260.8195290756533,1345.9744347810947,3215.897458838913,267.20843569246705,,0.009587452272587038,5000,
AB,FRcorp1,1,1,list1,5,ʒ,ʒ,j'en chie,1.62,1.80063,0.1806299999999998,180.62999999999985,L2,ru,f,22,A1,C2,153.11,rus,ru-fr_interference/2/wav_et_textgrids/FRcorp_textgrids_only/AB/ab_rus_list1_FRcorp1.TextGrid,ru-fr_interference/2/wav_et_textgrids/FRcorp_textgrids_only/AB/ab_rus_list1_FRcorp1.wav,False,True,1.710315,325.5960205790404,3003.64279705789,,,,,,,,228.64733753026755,3469.1900145819336,0.008193735515603697,5000,
AB,FRcorp1,1,1,list1,6,ɑ̃,ɑ̃,j'en chie,1.80063,2.07,0.2693699999999999,269.3699999999999,L2,ru,f,22,A1,C2,153.11,rus,ru-fr_interference/2/wav_et_textgrids/FRcorp_textgrids_only/AB/ab_rus_list1_FRcorp1.TextGrid,ru-fr_interference/2/wav_et_textgrids/FRcorp_textgrids_only/AB/ab_rus_list1_FRcorp1.wav,True,False,1.935315,461.97325037440066,992.3735744060734,2419.4973748565353,527.3822894947276,1092.2094256358996,2347.278531001666,414.2176665718927,865.6209035670981,2369.6592236973856,233.75733630443284,,0.01158273491157,5000,
AB,FRcorp1,1,1,list1,7,ʃ,ʃ,j'en chie,2.07,2.31,0.2400000000000002,240.00000000000023,L2,ru,f,22,A1,C2,153.11,rus,ru-fr_interference/2/wav_et_textgrids/FRcorp_textgrids_only/AB/ab_rus_list1_FRcorp1.TextGrid,ru-fr_interference/2/wav_et_textgrids/FRcorp_textgrids_only/AB/ab_rus_list1_FRcorp1.wav,False,True,2.19,2154.7062604058915,3014.419363785399,,,,,,,,,5151.131206824969,0.008823780765647852,5000,
AB,FRcorp1,1,1,list1,8,i,i,j'en chie,2.31,2.5,0.1899999999999999,189.99999999999991,L2,ru,f,22,A1,C2,153.11,rus,ru-fr_interference/2/wav_et_textgrids/FRcorp_textgrids_only/AB/ab_rus_list1_FRcorp1.TextGrid,ru-fr_interference/2/wav_et_textgrids/FRcorp_textgrids_only/AB/ab_rus_list1_FRcorp1.wav,True,False,2.4050000000000002,269.1705510265181,2171.1416464904455,2581.1233676613742,382.0839924862186,2654.605841489787,3741.5938537674874,1254.3200396521038,2621.762501504637,3633.5515440754516,260.177850411562,,0.004412599147702996,5000,
AB,FRcorp1,1,1,list1,10,t,t,trois,2.55,2.6,0.0500000000000002,50.00000000000027,L2,ru,f,22,A1,C2,153.11,rus,ru-fr_interference/2/wav_et_textgrids/FRcorp_textgrids_only/AB/ab_rus_list1_FRcorp1.TextGrid,ru-fr_interference/2/wav_et_textgrids/FRcorp_textgrids_only/AB/ab_rus_list1_FRcorp1.wav,False,False,2.575,1441.859138373564,2491.083016898021,,,,,,,,,,0.0019984668279862086,5000,
AB,FRcorp1,1,1,list1,11,ʁ,ʁ,trois,2.6,2.7,0.1,100.00000000000009,L2,ru,f,22,A1,C2,153.11,rus,ru-fr_interference/2/wav_et_textgrids/FRcorp_textgrids_only/AB/ab_rus_list1_FRcorp1.TextGrid,ru-fr_interference/2/wav_et_textgrids/FRcorp_textgrids_only/AB/ab_rus_list1_FRcorp1.wav,False,True,2.6500000000000004,779.67215573906,1218.2281979049844,,,,,,,,,4402.897261435474,0.0020946751213753666,5000,
AB,FRcorp1,1,1,list1,12,w,w,trois,2.7,2.8,0.0999999999999996,99.99999999999964,L2,ru,f,22,A1,C2,153.11,rus,ru-fr_interference/2/wav_et_textgrids/FRcorp_textgrids_only/AB/ab_rus_list1_FRcorp1.TextGrid,ru-fr_interference/2/wav_et_textgrids/FRcorp_textgrids_only/AB/ab_rus_list1_FRcorp1.wav,False,False,2.75,451.3089655553783,883.2348621481236,,,,,,,,228.74858495039047,,0.01562550019043049,5000,
AB,FRcorp1,1,1,list1,13,a,a,trois,2.8,2.97,0.1700000000000003,170.00000000000037,L2,ru,f,22,A1,C2,153.11,rus,ru-fr_interference/2/wav_et_textgrids/FRcorp_textgrids_only/AB/ab_rus_list1_FRcorp1.TextGrid,ru-fr_interference/2/wav_et_textgrids/FRcorp_textgrids_only/AB/ab_rus_list1_FRcorp1.wav,True,False,2.885,885.5200782248439,1366.2754028100815,2870.4762096715367,775.36343088239,1334.0036429958564,2925.6127061414204,615.9769890147102,1209.9919613116313,3030.126041995439,243.58731929367292,,0.012152600440601945,5000,
AB,FRcorp1,1,1,list1,14,f,f,fois,2.97,3.15,0.1799999999999997,179.99999999999972,L2,ru,f,22,A1,C2,153.11,rus,ru-fr_interference/2/wav_et_textgrids/FRcorp_textgrids_only/AB/ab_rus_list1_FRcorp1.TextGrid,ru-fr_interference/2/wav_et_textgrids/FRcorp_textgrids_only/AB/ab_rus_list1_FRcorp1.wav,False,True,3.06,1294.9291630701841,1605.7776623960299,,,,,,,,,5392.5402726493685,0.0005391332529079024,5000,
AB,FRcorp1,1,1,list1,15,w,w,fois,3.15,3.23366,0.08366,83.66000000000007,L2,ru,f,22,A1,C2,153.11,rus,ru-fr_interference/2/wav_et_textgrids/FRcorp_textgrids_only/AB/ab_rus_list1_FRcorp1.TextGrid,ru-fr_interference/2/wav_et_textgrids/FRcorp_textgrids_only/AB/ab_rus_list1_FRcorp1.wav,False,False,3.19183,622.0201006335315,1029.3841616634804,,,,,,,,216.882461316365,,0.01217493849328235,5000,
AB,FRcorp1,1,1,list1,16,a,a,fois,3.23366,3.39,0.1563400000000001,156.34000000000017,L2,ru,f,22,A1,C2,153.11,rus,ru-fr_interference/2/wav_et_textgrids/FRcorp_textgrids_only/AB/ab_rus_list1_FRcorp1.TextGrid,ru-fr_interference/2/wav_et_textgrids/FRcorp_textgrids_only/AB/ab_rus_list1_FRcorp1.wav,True,False,3.31183,552.8084894967416,1396.9484697097146,2967.583438075313,830.2921206172795,1402.1283809014376,3018.373180338819,218.42039961716426,1314.0334022461313,3314.774077749642,207.2804622233383,,0.006797790893437993,5000,
AB,FRcorp2,2,1,list1,2,d,d,dis,0.84,1.01,0.17,170.00000000000003,L2,ru,f,22,A1,C2,153.11,rus,ru-fr_interference/2/wav_et_textgrids/FRcorp_textgrids_only/AB/ab_rus_list1_FRcorp2.TextGrid,ru-fr_interference/2/wav_et_textgrids/FRcorp_textgrids_only/AB/ab_rus_list1_FRcorp2.wav,False,False,0.925,233.7681282617353,753.3974336113298,,,,,,,,204.82299387512944,,0.006895306371605542,5000,
AB,FRcorp2,2,1,list1,3,i,i,dis,1.01,1.27,0.26,260.0,L2,ru,f,22,A1,C2,153.11,rus,ru-fr_interference/2/wav_et_textgrids/FRcorp_textgrids_only/AB/ab_rus_list1_FRcorp2.TextGrid,ru-fr_interference/2/wav_et_textgrids/FRcorp_textgrids_only/AB/ab_rus_list1_FRcorp2.wav,True,False,1.1400000000000001,449.7158466741208,2690.5885560674956,3818.036395385662,338.34716770712436,2691.5809700580667,3552.2591668393407,431.77463142152027,2635.3745575722796,3578.0758738814225,225.3036733966521,,0.010283626843003312,5000,
AB,FRcorp2,2,1,list1,5,s,s,sérieux,1.45661,1.62,0.1633900000000001,163.39000000000016,L2,ru,f,22,A1,C2,153.11,rus,ru-fr_interference/2/wav_et_textgrids/FRcorp_textgrids_only/AB/ab_rus_list1_FRcorp2.TextGrid,ru-fr_interference/2/wav_et_textgrids/FRcorp_textgrids_only/AB/ab_rus_list1_FRcorp2.wav,False,True,1.538305,1150.8733394853482,1842.4940128291814,,,,,,,,,8672.195938943141,0.0073232833862280685,5000,
AB,FRcorp2,2,1,list1,6,e,e,sérieux,1.62,1.74,0.1199999999999998,119.99999999999989,L2,ru,f,22,A1,C2,153.11,rus,ru-fr_interference/2/wav_et_textgrids/FRcorp_textgrids_only/AB/ab_rus_list1_FRcorp2.TextGrid,ru-fr_interference/2/wav_et_textgrids/FRcorp_textgrids_only/AB/ab_rus_list1_FRcorp2.wav,True,False,1.6800000000000002,514.9499474902984,2128.772400441771,3016.867398901005,491.4517015525352,2194.157549423895,2972.411633597523,604.6732642112834,1972.823967284346,3036.0337673686963,258.3263490440526,,0.01617432721128906,5000,
AB,FRcorp2,2,1,list1,7,ʁ,ʁ,sérieux,1.74,1.86,0.1200000000000001,120.00000000000011,L2,ru,f,22,A1,C2,153.11,rus,ru-fr_interference/2/wav_et_textgrids/FRcorp_textgrids_only/AB/ab_rus_list1_FRcorp2.TextGrid,ru-fr_interference/2/wav_et_textgrids/FRcorp_textgrids_only/AB/ab_rus_list1_FRcorp2.wav,False,True,1.8,1323.685006657221,1470.9893046174168,,,,,,,,289.0329228716957,2633.9853236711842,0.006447542274798736,5000,
AB,FRcorp2,2,1,list1,8,j,j,sérieux,1.86,1.99,0.1299999999999999,129.9999999999999,L2,ru,f,22,A1,C2,153.11,rus,ru-fr_interference/2/wav_et_textgrids/FRcorp_textgrids_only/AB/ab_rus_list1_FRcorp2.TextGrid,ru-fr_interference/2/wav_et_textgrids/FRcorp_textgrids_only/AB/ab_rus_list1_FRcorp2.wav,False,False,1.925,344.011043204179,2630.2220317438687,,,,,,,,235.41895206219027,,0.012808454718719938,5000,
AB,FRcorp2,2,1,list1,9,ø,ø,sérieux,1.99,2.20007,0.2100700000000002,210.0700000000002,L2,ru,f,22,A1,C2,153.11,rus,ru-fr_interference/2/wav_et_textgrids/FRcorp_textgrids_only/AB/ab_rus_list1_FRcorp2.TextGrid,ru-fr_interference/2/wav_et_textgrids/FRcorp_textgrids_only/AB/ab_rus_list1_FRcorp2.wav,True,False,2.095035,448.48549503353325,1220.9000830174434,2845.212124580632,421.4877571360512,1569.0204919177004,2664.149400994933,355.90028530528025,765.3036297640695,2482.706791078396,238.81428922851,,0.01588099432410529,5000,
AB,FRcorp2,2,1,list1,11,t,t,trois,2.4,2.44,0.04,40.000000000000036,L2,ru,f,22,A1,C2,153.11,rus,ru-fr_interference/2/wav_et_textgrids/FRcorp_textgrids_only/AB/ab_rus_list1_FRcorp2.TextGrid,ru-fr_interference/2/wav_et_textgrids/FRcorp_textgrids_only/AB/ab_rus_list1_FRcorp2.wav,False,False,2.42,875.8976990471601,1639.0485775492764,,,,,,,,,,0.002325807112986807,5000,
AB,FRcorp2,2,1,list1,12,ʁ,ʁ,trois,2.44,2.53,0.0899999999999998,89.99999999999986,L2,ru,f,22,A1,C2,153.11,rus,ru-fr_interference/2/wav_et_textgrids/FRcorp_textgrids_only/AB/ab_rus_list1_FRcorp2.TextGrid,ru-fr_interference/2/wav_et_textgrids/FRcorp_textgrids_only/AB/ab_rus_list1_FRcorp2.wav,False,True,2.485,955.9548026900312,1232.5982158506301,,,,,,,,,4172.142220744236,0.0020523024984169416,5000,
AB,FRcorp2,2,1,list1,13,w,w,trois,2.53,2.6,0.0700000000000002,70.00000000000028,L2,ru,f,22,A1,C2,153.11,rus,ru-fr_interference/2/wav_et_textgrids/FRcorp_textgrids_only/AB/ab_rus_list1_FRcorp2.TextGrid,ru-fr_interference/2/wav_et_textgrids/FRcorp_textgrids_only/AB/ab_rus_list1_FRcorp2.wav,False,False,2.565,478.81844388448195,972.198493785586,,,,,,,,228.66157196667413,,0.014908985415194729,5000,
AB,FRcorp2,2,1,list1,14,a,a,trois,2.6,2.75,0.1499999999999999,149.99999999999991,L2,ru,f,22,A1,C2,153.11,rus,ru-fr_interference/2/wav_et_textgrids/FRcorp_textgrids_only/AB/ab_rus_list1_FRcorp2.TextGrid,ru-fr_interference/2/wav_et_textgrids/FRcorp_textgrids_only/AB/ab_rus_list1_FRcorp2.wav,True,False,2.675,812.3492035023701,1443.9252626866087,2829.6201887683173,705.0373459382406,1358.4761620576187,2803.940391771122,752.3875640394616,1393.2291838733427,2991.3650863675803,221.19945776179313,,0.013479962609511682,5000,
AB,FRcorp2,2,1,list1,15,f,f,fois,2.75,2.93,0.1800000000000001,180.00000000000017,L2,ru,f,22,A1,C2,153.11,rus,ru-fr_interference/2/wav_et_textgrids/FRcorp_textgrids_only/AB/ab_rus_list1_FRcorp2.TextGrid,ru-fr_interference/2/wav_et_textgrids/FRcorp_textgrids_only/AB/ab_rus_list1_FRcorp2.wav,False,True,2.84,1219.1117331632427,1847.655984930148,,,,,,,,,6452.210625967404,0.0007524893513683114,5000,
AB,FRcorp2,2,1,list1,16,w,w,fois,2.93,2.98,0.0499999999999998,49.99999999999982,L2,ru,f,22,A1,C2,153.11,rus,ru-fr_interference/2/wav_et_textgrids/FRcorp_textgrids_only/AB/ab_rus_list1_FRcorp2.TextGrid,ru-fr_interference/2/wav_et_textgrids/FRcorp_textgrids_only/AB/ab_rus_list1_FRcorp2.wav,False,False,2.955,512.4078431212982,917.0958419710396,,,,,,,,210.6335321771171,,0.011437290932417748,5000,
AB,FRcorp2,2,1,list1,17,a,a,fois,2.98,3.17,0.1899999999999999,189.99999999999991,L2,ru,f,22,A1,C2,153.11,rus,ru-fr_interference/2/wav_et_textgrids/FRcorp_textgrids_only/AB/ab_rus_list1_FRcorp2.TextGrid,ru-fr_interference/2/wav_et_textgrids/FRcorp_textgrids_only/AB/ab_rus_list1_FRcorp2.wav,True,False,3.075,770.9167828946051,1443.4584785757802,2860.8153848742713,754.7331918165806,1333.4988776799316,2780.7553193216822,1209.658470329246,1297.5484850674368,3223.2382208958666,204.51143651711828,,0.009087741546522877,5000,
AB,FRcorp3,3,1,list1,2,d,d,dis,0.77224,0.95,0.1777599999999999,177.7599999999999,L2,ru,f,22,A1,C2,153.11,rus,ru-fr_interference/2/wav_et_textgrids/FRcorp_textgrids_only/AB/ab_rus_list1_FRcorp3.TextGrid,ru-fr_interference/2/wav_et_textgrids/FRcorp_textgrids_only/AB/ab_rus_list1_FRcorp3.wav,False,False,0.86112,325.98030550842736,1373.8135596229006,,,,,,,,209.974595572639,,0.005588522365982988,5000,
AB,FRcorp3,3,1,list1,3,i,i,dis,0.95,1.22,0.27,270.0,L2,ru,f,22,A1,C2,153.11,rus,ru-fr_interference/2/wav_et_textgrids/FRcorp_textgrids_only/AB/ab_rus_list1_FRcorp3.TextGrid,ru-fr_interference/2/wav_et_textgrids/FRcorp_textgrids_only/AB/ab_rus_list1_FRcorp3.wav,True,False,1.085,445.60145572213963,2741.2640818590485,3811.988470072481,422.10232218857294,2705.530156174182,3577.9725108603407,478.44646731044065,2689.9992720440023,3821.574444135972,226.1590063467388,,0.008995793432191,5000,
AB,FRcorp3,3,1,list1,5,k,k,cache cache,1.42,1.47586,0.05586,55.86000000000002,L2,ru,f,22,A1,C2,153.11,rus,ru-fr_interference/2/wav_et_textgrids/FRcorp_textgrids_only/AB/ab_rus_list1_FRcorp3.TextGrid,ru-fr_interference/2/wav_et_textgrids/FRcorp_textgrids_only/AB/ab_rus_list1_FRcorp3.wav,False,False,1.44793,1369.244817592756,2134.573604765633,,,,,,,,,,0.0035100236326159754,5000,
AB,FRcorp3,3,1,list1,6,a,a,cache cache,1.47586,1.62618,0.15032,150.32000000000002,L2,ru,f,22,A1,C2,153.11,rus,ru-fr_interference/2/wav_et_textgrids/FRcorp_textgrids_only/AB/ab_rus_list1_FRcorp3.TextGrid,ru-fr_interference/2/wav_et_textgrids/FRcorp_textgrids_only/AB/ab_rus_list1_FRcorp3.wav,True,False,1.5510199999999998,822.0775646903651,1781.3550658992776,2881.3330915132383,829.4503767479548,1817.1426035355498,2792.541703038271,523.1033365694199,1806.8058076840532,2997.561296331878,231.01253230438533,,0.012639919522810678,5000,
AB,FRcorp3,3,1,list1,7,ʃ,ʃ,cache cache,1.62618,1.9,0.2738199999999999,273.81999999999994,L2,ru,f,22,A1,C2,153.11,rus,ru-fr_interference/2/wav_et_textgrids/FRcorp_textgrids_only/AB/ab_rus_list1_FRcorp3.TextGrid,ru-fr_interference/2/wav_et_textgrids/FRcorp_textgrids_only/AB/ab_rus_list1_FRcorp3.wav,False,True,1.76309,2514.159705594171,2886.5963136224245,,,,,,,,,5031.666716121362,0.013165370056694147,5000,
AB,FRcorp3,3,1,list1,8,k,k,cache cache,1.9,1.97,0.07,70.00000000000006,L2,ru,f,22,A1,C2,153.11,rus,ru-fr_interference/2/wav_et_textgrids/FRcorp_textgrids_only/AB/ab_rus_list1_FRcorp3.TextGrid,ru-fr_interference/2/wav_et_textgrids/FRcorp_textgrids_only/AB/ab_rus_list1_FRcorp3.wav,False,False,1.935,993.640131907583,2317.898211341328,,,,,,,,,,0.0021362714269803373,5000,
AB,FRcorp3,3,1,list1,9,a,a,cache cache,1.97,2.11,0.1399999999999999,139.99999999999991,L2,ru,f,22,A1,C2,153.11,rus,ru-fr_interference/2/wav_et_textgrids/FRcorp_textgrids_only/AB/ab_rus_list1_FRcorp3.TextGrid,ru-fr_interference/2/wav_et_textgrids/FRcorp_textgrids_only/AB/ab_rus_list1_FRcorp3.wav,True,False,2.04,785.0200909920181,1859.465755233921,2843.287642654713,700.8396256010318,1972.188817519647,2827.569724936245,728.7408109054508,1824.7103412172435,3036.916701938757,230.9844209996307,,0.010321339990029746,5000,
AB,FRcorp3,3,1,list1,10,ʃ,ʃ,cache cache,2.11,2.39,0.2800000000000002,280.0000000000002,L2,ru,f,22,A1,C2,153.11,rus,ru-fr_interference/2/wav_et_textgrids/FRcorp_textgrids_only/AB/ab_rus_list1_FRcorp3.TextGrid,ru-fr_interference/2/wav_et_textgrids/FRcorp_textgrids_only/AB/ab_rus_list1_FRcorp3.wav,False,True,2.25,1236.4078609907165,2796.5989077622944,,,,,,,,,4858.080439903932,0.009028967701326758,5000,
AB,FRcorp3,3,1,list1,12,t,t,trois,2.74,2.79,0.0499999999999998,49.99999999999982,L2,ru,f,22,A1,C2,153.11,rus,ru-fr_interference/2/wav_et_textgrids/FRcorp_textgrids_only/AB/ab_rus_list1_FRcorp3.TextGrid,ru-fr_interference/2/wav_et_textgrids/FRcorp_textgrids_only/AB/ab_rus_list1_FRcorp3.wav,False,False,2.765,1099.6153724385351,2375.362159127935,,,,,,,,,,0.0012985826871865051,5000,
AB,FRcorp3,3,1,list1,13,ʁ,ʁ,trois,2.79,2.88,0.0899999999999998,89.99999999999986,L2,ru,f,22,A1,C2,153.11,rus,ru-fr_interference/2/wav_et_textgrids/FRcorp_textgrids_only/AB/ab_rus_list1_FRcorp3.TextGrid,ru-fr_interference/2/wav_et_textgrids/FRcorp_textgrids_only/AB/ab_rus_list1_FRcorp3.wav,False,True,2.835,926.7029030426021,1179.5699902057574,,,,,,,,,3851.2618242944272,0.00250447634092628,5000,
AB,FRcorp3,3,1,list1,14,w,w,trois,2.88,2.94,0.06,60.00000000000006,L2,ru,f,22,A1,C2,153.11,rus,ru-fr_interference/2/wav_et_textgrids/FRcorp_textgrids_only/AB/ab_rus_list1_FRcorp3.TextGrid,ru-fr_interference/2/wav_et_textgrids/FRcorp_textgrids_only/AB/ab_rus_list1_FRcorp3.wav,False,False,2.91,456.9464092823236,961.5564372017668,,,,,,,,223.42587132173028,,0.015345104658809151,5000,
AB,FRcorp3,3,1,list1,15,a,a,trois,2.94,3.11994,0.1799400000000002,179.94000000000025,L2,ru,f,22,A1,C2,153.11,rus,ru-fr_interference/2/wav_et_textgrids/FRcorp_textgrids_only/AB/ab_rus_list1_FRcorp3.TextGrid,ru-fr_interference/2/wav_et_textgrids/FRcorp_textgrids_only/AB/ab_rus_list1_FRcorp3.wav,True,False,3.02997,771.2551968034135,1321.926134172972,2870.34900969455,703.0548148699601,1294.459709140891,2759.5164917932643,692.5190669889345,1425.6266556550377,2919.444748616981,225.3218974619884,,0.012523078302931388,5000,
AB,FRcorp3,3,1,list1,16,f,f,fois,3.11994,3.29,0.1700599999999998,170.0599999999999,L2,ru,f,22,A1,C2,153.11,rus,ru-fr_interference/2/wav_et_textgrids/FRcorp_textgrids_only/AB/ab_rus_list1_FRcorp3.TextGrid,ru-fr_interference/2/wav_et_textgrids/FRcorp_textgrids_only/AB/ab_rus_list1_FRcorp3.wav,False,True,3.2049700000000003,1311.8380262777378,2425.5432472862094,,,,,,,,,6662.231614463663,0.0006022002449475049,5000,
AB,FRcorp3,3,1,list1,17,w,w,fois,3.29,3.34,0.0499999999999998,49.99999999999982,L2,ru,f,22,A1,C2,153.11,rus,ru-fr_interference/2/wav_et_textgrids/FRcorp_textgrids_only/AB/ab_rus_list1_FRcorp3.TextGrid,ru-fr_interference/2/wav_et_textgrids/FRcorp_textgrids_only/AB/ab_rus_list1_FRcorp3.wav,False,False,3.315,524.3764112320127,934.6475922379087,,,,,,,,211.25991045075443,,0.010395474299604267,5000,
AB,FRcorp3,3,1,list1,18,a,a,fois,3.34,3.53,0.1899999999999999,189.99999999999991,L2,ru,f,22,A1,C2,153.11,rus,ru-fr_interference/2/wav_et_textgrids/FRcorp_textgrids_only/AB/ab_rus_list1_FRcorp3.TextGrid,ru-fr_interference/2/wav_et_textgrids/FRcorp_textgrids_only/AB/ab_rus_list1_FRcorp3.wav,True,False,3.4349999999999996,667.6510358018306,1398.210813683916,2823.6978066398265,729.521776026825,1258.4976379143786,2808.2771645402054,585.573016766812,1410.0335428304093,3200.9105314306244,213.79147912334278,,0.007789250321761061,5000,
AB,FRcorp4,4,1,list1,2,d,d,dis,0.89914,1.11,0.21086,210.86000000000004,L2,ru,f,22,A1,C2,153.11,rus,ru-fr_interference/2/wav_et_textgrids/FRcorp_textgrids_only/AB/ab_rus_list1_FRcorp4.TextGrid,ru-fr_interference/2/wav_et_textgrids/FRcorp_textgrids_only/AB/ab_rus_list1_FRcorp4.wav,False,False,1.0045700000000002,261.67572193863197,614.2589701259786,,,,,,,,214.12404322196653,,0.005373293684198483,5000,
AB,FRcorp4,4,1,list1,3,i,i,dis,1.11,1.37338,0.2633799999999999,263.37999999999994,L2,ru,f,22,A1,C2,153.11,rus,ru-fr_interference/2/wav_et_textgrids/FRcorp_textgrids_only/AB/ab_rus_list1_FRcorp4.TextGrid,ru-fr_interference/2/wav_et_textgrids/FRcorp_textgrids_only/AB/ab_rus_list1_FRcorp4.wav,True,False,1.2416900000000002,414.13221066920613,2692.772157442532,3728.017847239704,370.0564258978718,2739.191035436843,3520.1379998651414,456.223239371821,2740.8553527635017,3802.3379890602073,220.11893752029258,,0.008927219186830091,5000,
AB,FRcorp4,4,1,list1,5,i,i,hier,1.42,1.52,0.1,100.00000000000009,L2,ru,f,22,A1,C2,153.11,rus,ru-fr_interference/2/wav_et_textgrids/FRcorp_textgrids_only/AB/ab_rus_list1_FRcorp4.TextGrid,ru-fr_interference/2/wav_et_textgrids/FRcorp_textgrids_only/AB/ab_rus_list1_FRcorp4.wav,True,False,1.47,400.6515999963798,2714.3135682067646,3732.9032821376495,387.6136918073459,2620.663164565278,3320.301273114567,399.81728539710565,2697.397535712787,3601.3692690766725,99.72248132386777,,0.004357034884812725,5000,
AB,FRcorp4,4,1,list1,6,j,j,hier,1.52,1.67,0.1499999999999999,149.99999999999991,L2,ru,f,22,A1,C2,153.11,rus,ru-fr_interference/2/wav_et_textgrids/FRcorp_textgrids_only/AB/ab_rus_list1_FRcorp4.TextGrid,ru-fr_interference/2/wav_et_textgrids/FRcorp_textgrids_only/AB/ab_rus_list1_FRcorp4.wav,False,False,1.595,416.36472778193223,2691.5163915477146,,,,,,,,208.6513597682623,,0.00961406240077644,5000,
AB,FRcorp4,4,1,list1,7,ɛ,ɛ,hier,1.67,1.83,0.1600000000000001,160.00000000000014,L2,ru,f,22,A1,C2,153.11,rus,ru-fr_interference/2/wav_et_textgrids/FRcorp_textgrids_only/AB/ab_rus_list1_FRcorp4.TextGrid,ru-fr_interference/2/wav_et_textgrids/FRcorp_textgrids_only/AB/ab_rus_list1_FRcorp4.wav,True,False,1.75,633.145176559449,2230.453568797321,2969.7927332306044,479.6572336289443,2462.636354579113,3122.378954301642,684.9445278165704,1908.694580924676,2231.1433252718616,223.39772488353134,,0.015182532698117767,5000,
AB,FRcorp4,4,1,list1,8,ʁ,ʁ,hier,1.83,2.02342,0.1934200000000001,193.42000000000016,L2,ru,f,22,A1,C2,153.11,rus,ru-fr_interference/2/wav_et_textgrids/FRcorp_textgrids_only/AB/ab_rus_list1_FRcorp4.TextGrid,ru-fr_interference/2/wav_et_textgrids/FRcorp_textgrids_only/AB/ab_rus_list1_FRcorp4.wav,False,True,1.9267100000000001,299.07889879957554,1359.667757111919,,,,,,,,305.7476437576597,3070.121198770558,0.00557181542971675,5000,
AB,FRcorp4,4,1,list1,10,t,t,trois,2.28,2.32,0.04,40.000000000000036,L2,ru,f,22,A1,C2,153.11,rus,ru-fr_interference/2/wav_et_textgrids/FRcorp_textgrids_only/AB/ab_rus_list1_FRcorp4.TextGrid,ru-fr_interference/2/wav_et_textgrids/FRcorp_textgrids_only/AB/ab_rus_list1_FRcorp4.wav,False,False,2.3,854.0842318243751,1958.3011664176038,,,,,,,,,,0.001790565357653698,5000,
AB,FRcorp4,4,1,list1,11,ʁ,ʁ,trois,2.32,2.42,0.1,100.00000000000009,L2,ru,f,22,A1,C2,153.11,rus,ru-fr_interference/2/wav_et_textgrids/FRcorp_textgrids_only/AB/ab_rus_list1_FRcorp4.TextGrid,ru-fr_interference/2/wav_et_textgrids/FRcorp_textgrids_only/AB/ab_rus_list1_FRcorp4.wav,False,True,2.37,601.4471628197481,1310.9386670586878,,,,,,,,,4248.785965476664,0.0010069318189202345,5000,
AB,FRcorp4,4,1,list1,12,w,w,trois,2.42,2.48,0.06,60.00000000000006,L2,ru,f,22,A1,C2,153.11,rus,ru-fr_interference/2/wav_et_textgrids/FRcorp_textgrids_only/AB/ab_rus_list1_FRcorp4.TextGrid,ru-fr_interference/2/wav_et_textgrids/FRcorp_textgrids_only/AB/ab_rus_list1_FRcorp4.wav,False,False,2.45,462.20690744308155,984.2179971307193,,,,,,,,226.04187565204262,,0.012068216418448213,5000,
AB,FRcorp4,4,1,list1,13,a,a,trois,2.48,2.63,0.1499999999999999,149.99999999999991,L2,ru,f,22,A1,C2,153.11,rus,ru-fr_interference/2/wav_et_textgrids/FRcorp_textgrids_only/AB/ab_rus_list1_FRcorp4.TextGrid,ru-fr_interference/2/wav_et_textgrids/FRcorp_textgrids_only/AB/ab_rus_list1_FRcorp4.wav,True,False,2.5549999999999997,751.8237890890497,1282.8347583961975,2856.297735647039,669.1469009246705,1237.3321022383732,2850.723855909957,745.1950989418638,1284.7529576287793,2877.0265191262624,224.136544173266,,0.011390813391677378,5000,
AB,FRcorp4,4,1,list1,14,f,f,fois,2.63,2.79,0.1600000000000001,160.00000000000014,L2,ru,f,22,A1,C2,153.11,rus,ru-fr_interference/2/wav_et_textgrids/FRcorp_textgrids_only/AB/ab_rus_list1_FRcorp4.TextGrid,ru-fr_interference/2/wav_et_textgrids/FRcorp_textgrids_only/AB/ab_rus_list1_FRcorp4.wav,False,True,2.71,1010.3672329869428,1994.4081321405436,,,,,,,,,4697.07423385906,0.0005543870640267385,5000,
AB,FRcorp4,4,1,list1,15,w,w,fois,2.79,2.84,0.0499999999999998,49.99999999999982,L2,ru,f,22,A1,C2,153.11,rus,ru-fr_interference/2/wav_et_textgrids/FRcorp_textgrids_only/AB/ab_rus_list1_FRcorp4.TextGrid,ru-fr_interference/2/wav_et_textgrids/FRcorp_textgrids_only/AB/ab_rus_list1_FRcorp4.wav,False,False,2.815,550.3677895492899,961.0620592377359,,,,,,,,101.34236378503758,,0.00718844732274838,5000,
AB,FRcorp4,4,1,list1,16,a,a,fois,2.84,3.04,0.2000000000000001,200.00000000000017,L2,ru,f,22,A1,C2,153.11,rus,ru-fr_interference/2/wav_et_textgrids/FRcorp_textgrids_only/AB/ab_rus_list1_FRcorp4.TextGrid,ru-fr_interference/2/wav_et_textgrids/FRcorp_textgrids_only/AB/ab_rus_list1_FRcorp4.wav,True,False,2.94,708.8725860584574,1403.3642227530224,2789.723357160671,761.6075541446078,1270.176051412569,2918.2811983824613,1195.5904659776104,1682.414668661879,3323.364757179238,208.94562256153762,,0.0070980131708023855,5000,
AB,FRcorp5,5,1,list1,2,d,d,dis,1.01263,1.19,0.17737,177.37000000000003,L2,ru,f,22,A1,C2,153.11,rus,ru-fr_interference/2/wav_et_textgrids/FRcorp_textgrids_only/AB/ab_rus_list1_FRcorp5.TextGrid,ru-fr_interference/2/wav_et_textgrids/FRcorp_textgrids_only/AB/ab_rus_list1_FRcorp5.wav,False,False,1.101315,308.32743451924705,1346.1553487651847,,,,,,,,207.19517283930466,,0.005895872705813285,5000,
AB,FRcorp5,5,1,list1,3,i,i,dis,1.19,1.45,0.26,260.0,L2,ru,f,22,A1,C2,153.11,rus,ru-fr_interference/2/wav_et_textgrids/FRcorp_textgrids_only/AB/ab_rus_list1_FRcorp5.TextGrid,ru-fr_interference/2/wav_et_textgrids/FRcorp_textgrids_only/AB/ab_rus_list1_FRcorp5.wav,True,False,1.3199999999999998,357.3826188216468,2675.2917111110605,3712.7231676313186,352.50848631685966,2636.017414101702,3502.6836159388736,428.0910780942858,2738.1958502367156,3885.536195628002,231.95135306987032,,0.009714477021013903,5000,
AB,FRcorp5,5,1,list1,5,d,d,divan,1.5369,1.71,0.1731,173.10000000000002,L2,ru,f,22,A1,C2,153.11,rus,ru-fr_interference/2/wav_et_textgrids/FRcorp_textgrids_only/AB/ab_rus_list1_FRcorp5.TextGrid,ru-fr_interference/2/wav_et_textgrids/FRcorp_textgrids_only/AB/ab_rus_list1_FRcorp5.wav,False,False,1.62345,227.00045137982264,631.0900562791761,,,,,,,,198.4717795227609,,0.0032630218995425044,5000,
AB,FRcorp5,5,1,list1,6,i,i,divan,1.71,1.8,0.09,90.00000000000009,L2,ru,f,22,A1,C2,153.11,rus,ru-fr_interference/2/wav_et_textgrids/FRcorp_textgrids_only/AB/ab_rus_list1_FRcorp5.TextGrid,ru-fr_interference/2/wav_et_textgrids/FRcorp_textgrids_only/AB/ab_rus_list1_FRcorp5.wav,True,False,1.755,375.4700944854883,2652.5022666720847,3382.98238349982,353.4608370732693,2611.7268263756855,3393.7926531037433,400.80356690997024,2580.154686635879,3050.8956455863386,221.20263612552648,,0.011632901473215388,5000,
AB,FRcorp5,5,1,list1,7,v,v,divan,1.8,1.87,0.07,70.00000000000006,L2,ru,f,22,A1,C2,153.11,rus,ru-fr_interference/2/wav_et_textgrids/FRcorp_textgrids_only/AB/ab_rus_list1_FRcorp5.TextGrid,ru-fr_interference/2/wav_et_textgrids/FRcorp_textgrids_only/AB/ab_rus_list1_FRcorp5.wav,False,True,1.835,324.25725219698205,1413.7375179191952,,,,,,,,204.91574961876583,2198.677337389672,0.008845164979132578,5000,
AB,FRcorp5,5,1,list1,8,ɑ̃,ɑ̃,divan,1.87,2.07752,0.2075199999999997,207.5199999999997,L2,ru,f,22,A1,C2,153.11,rus,ru-fr_interference/2/wav_et_textgrids/FRcorp_textgrids_only/AB/ab_rus_list1_FRcorp5.TextGrid,ru-fr_interference/2/wav_et_textgrids/FRcorp_textgrids_only/AB/ab_rus_list1_FRcorp5.wav,True,False,1.97376,477.639191142464,1080.6040866921257,2333.8026414418628,654.4574038807681,1208.3240383847128,2580.9698022589546,423.8161305616553,603.6965730581982,2414.6989107875047,255.05253134903455,,0.010927747403143388,5000,
AB,FRcorp5,5,1,list1,10,t,t,trois,2.6,2.65,0.0499999999999998,49.99999999999982,L2,ru,f,22,A1,C2,153.11,rus,ru-fr_interference/2/wav_et_textgrids/FRcorp_textgrids_only/AB/ab_rus_list1_FRcorp5.TextGrid,ru-fr_interference/2/wav_et_textgrids/FRcorp_textgrids_only/AB/ab_rus_list1_FRcorp5.wav,False,False,2.625,907.910926102735,1834.7164608291457,,,,,,,,,,0.0027555485925465787,5000,
AB,FRcorp5,5,1,list1,11,ʁ,ʁ,trois,2.65,2.72,0.0700000000000002,70.00000000000028,L2,ru,f,22,A1,C2,153.11,rus,ru-fr_interference/2/wav_et_textgrids/FRcorp_textgrids_only/AB/ab_rus_list1_FRcorp5.TextGrid,ru-fr_interference/2/wav_et_textgrids/FRcorp_textgrids_only/AB/ab_rus_list1_FRcorp5.wav,False,True,2.685,867.0285628099921,1155.7957981773195,,,,,,,,,4291.36873907186,0.0023559477462882154,5000,
AB,FRcorp5,5,1,list1,12,w,w,trois,2.72,2.8,0.0799999999999996,79.99999999999963,L2,ru,f,22,A1,C2,153.11,rus,ru-fr_interference/2/wav_et_textgrids/FRcorp_textgrids_only/AB/ab_rus_list1_FRcorp5.TextGrid,ru-fr_interference/2/wav_et_textgrids/FRcorp_textgrids_only/AB/ab_rus_list1_FRcorp5.wav,False,False,2.76,458.400802157994,1008.16305783116,,,,,,,,223.68801443293296,,0.01572940923471786,5000,
AB,FRcorp5,5,1,list1,13,a,a,trois,2.8,2.93,0.1300000000000003,130.00000000000034,L2,ru,f,22,A1,C2,153.11,rus,ru-fr_interference/2/wav_et_textgrids/FRcorp_textgrids_only/AB/ab_rus_list1_FRcorp5.TextGrid,ru-fr_interference/2/wav_et_textgrids/FRcorp_textgrids_only/AB/ab_rus_list1_FRcorp5.wav,True,False,2.865,831.1303216644715,1342.1357840522867,2777.3665756019313,716.2583093994336,1262.2646531016019,2826.7901766905056,742.7202596131191,1197.0025512474833,2794.0024168901737,230.2692492230536,,0.015253749282180998,5000,
AB,FRcorp5,5,1,list1,14,f,f,fois,2.93,3.09,0.1599999999999997,159.9999999999997,L2,ru,f,22,A1,C2,153.11,rus,ru-fr_interference/2/wav_et_textgrids/FRcorp_textgrids_only/AB/ab_rus_list1_FRcorp5.TextGrid,ru-fr_interference/2/wav_et_textgrids/FRcorp_textgrids_only/AB/ab_rus_list1_FRcorp5.wav,False,True,3.01,1279.0973622276686,2046.8944274836385,,,,,,,,,6100.197829183286,0.0008569668527058866,5000,
AB,FRcorp5,5,1,list1,15,w,w,fois,3.09,3.15,0.06,60.00000000000006,L2,ru,f,22,A1,C2,153.11,rus,ru-fr_interference/2/wav_et_textgrids/FRcorp_textgrids_only/AB/ab_rus_list1_FRcorp5.TextGrid,ru-fr_interference/2/wav_et_textgrids/FRcorp_textgrids_only/AB/ab_rus_list1_FRcorp5.wav,False,False,3.12,465.5890791649353,903.7744547497277,,,,,,,,212.42443449590877,,0.012146485502002265,5000,
AB,FRcorp5,5,1,list1,16,a,a,fois,3.15,3.32,0.1699999999999999,169.99999999999994,L2,ru,f,22,A1,C2,153.11,rus,ru-fr_interference/2/wav_et_textgrids/FRcorp_textgrids_only/AB/ab_rus_list1_FRcorp5.TextGrid,ru-fr_interference/2/wav_et_textgrids/FRcorp_textgrids_only/AB/ab_rus_list1_FRcorp5.wav,True,False,3.235,376.3846687466847,1283.9559566781788,2977.394577387743,673.1197460101616,1180.0049838364248,3299.2022882185984,1131.677015011213,1319.555294883691,3349.1377858331193,209.4992156696492,,0.00688935958687265,5000,
AB,FRcorp6,6,1,list1,2,d,d,dis,0.64384,0.82,0.1761599999999999,176.16,L2,ru,f,22,A1,C2,153.11,rus,ru-fr_interference/2/wav_et_textgrids/FRcorp_textgrids_only/AB/ab_rus_list1_FRcorp6.TextGrid,ru-fr_interference/2/wav_et_textgrids/FRcorp_textgrids_only/AB/ab_rus_list1_FRcorp6.wav,False,False,0.7319199999999999,254.56909223857184,741.0472324421697,,,,,,,,210.15742604468204,,0.006292391066927333,5000,
AB,FRcorp6,6,1,list1,3,i,i,dis,0.82,1.09,0.2700000000000001,270.0000000000001,L2,ru,f,22,A1,C2,153.11,rus,ru-fr_interference/2/wav_et_textgrids/FRcorp_textgrids_only/AB/ab_rus_list1_FRcorp6.TextGrid,ru-fr_interference/2/wav_et_textgrids/FRcorp_textgrids_only/AB/ab_rus_list1_FRcorp6.wav,True,False,0.9550000000000001,393.995290881673,2684.9749002854387,3600.0221185937203,369.49447525954054,2704.046464442086,3509.0258940349654,472.5426590203243,2634.176448008533,3475.66244380068,223.07433169968778,,0.009180329202640036,5000,
AB,FRcorp6,6,1,list1,5,p,p,pour gabriel,1.27,1.34,0.07,70.00000000000006,L2,ru,f,22,A1,C2,153.11,rus,ru-fr_interference/2/wav_et_textgrids/FRcorp_textgrids_only/AB/ab_rus_list1_FRcorp6.TextGrid,ru-fr_interference/2/wav_et_textgrids/FRcorp_textgrids_only/AB/ab_rus_list1_FRcorp6.wav,False,False,1.3050000000000002,1228.0633254812253,2133.463172440876,,,,,,,,,,0.0008025207469816885,5000,
AB,FRcorp6,6,1,list1,6,u,u,pour gabriel,1.34,1.46,0.1199999999999998,119.99999999999989,L2,ru,f,22,A1,C2,153.11,rus,ru-fr_interference/2/wav_et_textgrids/FRcorp_textgrids_only/AB/ab_rus_list1_FRcorp6.TextGrid,ru-fr_interference/2/wav_et_textgrids/FRcorp_textgrids_only/AB/ab_rus_list1_FRcorp6.wav,True,False,1.4,443.66740210848786,929.8518794122622,2810.0986552335717,427.16032105496834,974.426183925277,2829.531611233726,448.8852739247835,803.9888783407566,2713.2847634940103,232.56503993727688,,0.011855826641520944,5000,
AB,FRcorp6,6,1,list1,7,ʀ,ʀ,pour gabriel,1.46,1.54974,0.0897399999999999,89.73999999999992,L2,ru,f,22,A1,C2,153.11,rus,ru-fr_interference/2/wav_et_textgrids/FRcorp_textgrids_only/AB/ab_rus_list1_FRcorp6.TextGrid,ru-fr_interference/2/wav_et_textgrids/FRcorp_textgrids_only/AB/ab_rus_list1_FRcorp6.wav,False,False,1.50487,429.13224467502573,1153.8814593517156,,,,,,,,242.52118883629092,,0.006720244123968906,5000,
AB,FRcorp6,6,1,list1,8,ɡ,ɡ,pour gabriel,1.54974,1.64,0.09026,90.26,L2,ru,f,22,A1,C2,153.11,rus,ru-fr_interference/2/wav_et_textgrids/FRcorp_textgrids_only/AB/ab_rus_list1_FRcorp6.TextGrid,ru-fr_interference/2/wav_et_textgrids/FRcorp_textgrids_only/AB/ab_rus_list1_FRcorp6.wav,False,False,1.5948699999999998,266.35492978117804,748.1687141946151,,,,,,,,213.14171340342435,,0.008188163353293414,5000,
AB,FRcorp6,6,1,list1,9,a,a,pour gabriel,1.64,1.73,0.09,90.00000000000009,L2,ru,f,22,A1,C2,153.11,rus,ru-fr_interference/2/wav_et_textgrids/FRcorp_textgrids_only/AB/ab_rus_list1_FRcorp6.TextGrid,ru-fr_interference/2/wav_et_textgrids/FRcorp_textgrids_only/AB/ab_rus_list1_FRcorp6.wav,True,False,1.685,690.0625576660967,1649.501137534601,2646.113338903337,646.8574879584534,1746.284587620765,2615.2191214153236,658.5214212395523,1442.1112499388903,2634.166603695696,219.64141748409384,,0.02029807406829336,5000,
AB,FRcorp6,6,1,list1,10,b,b,pour gabriel,1.73,1.81,0.08,80.00000000000007,L2,ru,f,22,A1,C2,153.11,rus,ru-fr_interference/2/wav_et_textgrids/FRcorp_textgrids_only/AB/ab_rus_list1_FRcorp6.TextGrid,ru-fr_interference/2/wav_et_textgrids/FRcorp_textgrids_only/AB/ab_rus_list1_FRcorp6.wav,False,False,1.77,268.09846025175824,1260.8435139827322,,,,,,,,203.2298330492622,,0.0024261591974081686,5000,
AB,FRcorp6,6,1,list1,11,ʁ,ʁ,pour gabriel,1.81,1.88,0.0699999999999998,69.99999999999984,L2,ru,f,22,A1,C2,153.11,rus,ru-fr_interference/2/wav_et_textgrids/FRcorp_textgrids_only/AB/ab_rus_list1_FRcorp6.TextGrid,ru-fr_interference/2/wav_et_textgrids/FRcorp_textgrids_only/AB/ab_rus_list1_FRcorp6.wav,False,True,1.845,1095.8557860191072,1587.6987940888446,,,,,,,,,4057.6815266397357,0.0023275101401089133,5000,
AB,FRcorp6,6,1,list1,12,i,i,pour gabriel,1.88,1.94,0.06,60.00000000000006,L2,ru,f,22,A1,C2,153.11,rus,ru-fr_interference/2/wav_et_textgrids/FRcorp_textgrids_only/AB/ab_rus_list1_FRcorp6.TextGrid,ru-fr_interference/2/wav_et_textgrids/FRcorp_textgrids_only/AB/ab_rus_list1_FRcorp6.wav,True,False,1.91,435.35646249021113,2467.599339637411,2953.9435188330717,,,,,,,222.32954327508395,,0.012382452236682601,5000,
AB,FRcorp6,6,1,list1,13,j,j,pour gabriel,1.94,2.03,0.0899999999999998,89.99999999999986,L2,ru,f,22,A1,C2,153.11,rus,ru-fr_interference/2/wav_et_textgrids/FRcorp_textgrids_only/AB/ab_rus_list1_FRcorp6.TextGrid,ru-fr_interference/2/wav_et_textgrids/FRcorp_textgrids_only/AB/ab_rus_list1_FRcorp6.wav,False,False,1.9849999999999999,400.469832234503,2522.3940534297863,,,,,,,,202.38328585620553,,0.00997392208533504,5000,
AB,FRcorp6,6,1,list1,14,ɛ,ɛ,pour gabriel,2.03,2.15,0.1200000000000001,120.00000000000011,L2,ru,f,22,A1,C2,153.11,rus,ru-fr_interference/2/wav_et_textgrids/FRcorp_textgrids_only/AB/ab_rus_list1_FRcorp6.TextGrid,ru-fr_interference/2/wav_et_textgrids/FRcorp_textgrids_only/AB/ab_rus_list1_FRcorp6.wav,True,False,2.09,453.9168841772851,2425.4461275164613,3174.2912829043976,423.2865960155117,2274.078311540612,2443.186018074007,468.8580252239546,2348.377264304256,3179.783360804293,232.5155366871836,,0.011336689234998892,5000,
AB,FRcorp6,6,1,list1,15,l,l,pour gabriel,2.15,2.22607,0.07607,76.07000000000008,L2,ru,f,22,A1,C2,153.11,rus,ru-fr_interference/2/wav_et_textgrids/FRcorp_textgrids_only/AB/ab_rus_list1_FRcorp6.TextGrid,ru-fr_interference/2/wav_et_textgrids/FRcorp_textgrids_only/AB/ab_rus_list1_FRcorp6.wav,False,False,2.188035,351.52952880909424,1956.21959174195,,,,,,,,350.07150991731487,,0.002360206604234648,5000,
AB,FRcorp6,6,1,list1,17,t,t,trois,2.47785,2.53,0.0521499999999997,52.14999999999969,L2,ru,f,22,A1,C2,153.11,rus,ru-fr_interference/2/wav_et_textgrids/FRcorp_textgrids_only/AB/ab_rus_list1_FRcorp6.TextGrid,ru-fr_interference/2/wav_et_textgrids/FRcorp_textgrids_only/AB/ab_rus_list1_FRcorp6.wav,False,False,2.5039249999999997,926.8818575577504,1953.1968668779082,,,,,,,,,,0.0020900024169996263,5000,
AB,FRcorp6,6,1,list1,18,ʁ,ʁ,trois,2.53,2.62,0.0900000000000003,90.0000000000003,L2,ru,f,22,A1,C2,153.11,rus,ru-fr_interference/2/wav_et_textgrids/FRcorp_textgrids_only/AB/ab_rus_list1_FRcorp6.TextGrid,ru-fr_interference/2/wav_et_textgrids/FRcorp_textgrids_only/AB/ab_rus_list1_FRcorp6.wav,False,True,2.575,862.248766384154,1407.4070419284697,,,,,,,,,3912.781048245382,0.002269398430331331,5000,
AB,FRcorp6,6,1,list1,19,w,w,trois,2.62,2.69,0.0699999999999998,69.99999999999984,L2,ru,f,22,A1,C2,153.11,rus,ru-fr_interference/2/wav_et_textgrids/FRcorp_textgrids_only/AB/ab_rus_list1_FRcorp6.TextGrid,ru-fr_interference/2/wav_et_textgrids/FRcorp_textgrids_only/AB/ab_rus_list1_FRcorp6.wav,False,False,2.6550000000000002,499.4521612241471,1026.3756847795569,,,,,,,,217.41232689101497,,0.014619884039843357,5000,
AB,FRcorp6,6,1,list1,20,a,a,trois,2.69,2.83,0.1400000000000001,140.0000000000001,L2,ru,f,22,A1,C2,153.11,rus,ru-fr_interference/2/wav_et_textgrids/FRcorp_textgrids_only/AB/ab_rus_list1_FRcorp6.TextGrid,ru-fr_interference/2/wav_et_textgrids/FRcorp_textgrids_only/AB/ab_rus_list1_FRcorp6.wav,True,False,2.76,780.945737866555,1331.8585707188115,2926.2487386710477,685.5885358792344,1274.4650550938952,2800.7796728646376,672.9686853208894,1241.0865365719537,2825.437896612484,227.4928641280233,,0.013405407910395548,5000,
AB,FRcorp6,6,1,list1,21,f,f,fois,2.83,3.0,0.1699999999999999,169.99999999999994,L2,ru,f,22,A1,C2,153.11,rus,ru-fr_interference/2/wav_et_textgrids/FRcorp_textgrids_only/AB/ab_rus_list1_FRcorp6.TextGrid,ru-fr_interference/2/wav_et_textgrids/FRcorp_textgrids_only/AB/ab_rus_list1_FRcorp6.wav,False,True,2.915,1328.2403690016315,1705.7919439117045,,,,,,,,,5804.820295454317,0.000663008489885311,5000,
AB,FRcorp6,6,1,list1,22,w,w,fois,3.0,3.05,0.0499999999999998,49.99999999999982,L2,ru,f,22,A1,C2,153.11,rus,ru-fr_interference/2/wav_et_textgrids/FRcorp_textgrids_only/AB/ab_rus_list1_FRcorp6.TextGrid,ru-fr_interference/2/wav_et_textgrids/FRcorp_textgrids_only/AB/ab_rus_list1_FRcorp6.wav,False,False,3.025,525.2093821440209,935.1901892941278,,,,,,,,215.80848161585197,,0.013299924683539669,5000,
AB,FRcorp6,6,1,list1,23,a,a,fois,3.05,3.23,0.1800000000000001,180.00000000000017,L2,ru,f,22,A1,C2,153.11,rus,ru-fr_interference/2/wav_et_textgrids/FRcorp_textgrids_only/AB/ab_rus_list1_FRcorp6.TextGrid,ru-fr_interference/2/wav_et_textgrids/FRcorp_textgrids_only/AB/ab_rus_list1_FRcorp6.wav,True,False,3.1399999999999997,698.9677877964426,1299.7102625660773,2951.377531130995,723.4847998042541,1300.1421283955162,2829.5021538116052,877.0744680182528,1441.8387385085857,3262.016446349542,213.284153444662,,0.009730367950836483,5000,
AB,FRcorp7,7,1,list1,2,d,d,dis,0.61275,0.79,0.17725,177.25000000000003,L2,ru,f,22,A1,C2,153.11,rus,ru-fr_interference/2/wav_et_textgrids/FRcorp_textgrids_only/AB/ab_rus_list1_FRcorp7.TextGrid,ru-fr_interference/2/wav_et_textgrids/FRcorp_textgrids_only/AB/ab_rus_list1_FRcorp7.wav,False,False,0.7013750000000001,266.16749490823474,780.2916503261448,,,,,,,,207.86560279025707,,0.005321748462883339,5000,
AB,FRcorp7,7,1,list1,3,i,i,dis,0.79,1.02,0.2299999999999999,229.99999999999997,L2,ru,f,22,A1,C2,153.11,rus,ru-fr_interference/2/wav_et_textgrids/FRcorp_textgrids_only/AB/ab_rus_list1_FRcorp7.TextGrid,ru-fr_interference/2/wav_et_textgrids/FRcorp_textgrids_only/AB/ab_rus_list1_FRcorp7.wav,True,False,0.905,428.3837702080113,2686.054496892359,3641.7893061021127,379.9986421419718,2653.515402538872,3580.445575647465,453.7610491110508,2733.456943699333,3665.8686169722555,216.0048096011573,,0.008221586244143632,5000,
AB,FRcorp7,7,1,list1,5,l,l,louche,1.14614,1.19,0.04386,43.860000000000014,L2,ru,f,22,A1,C2,153.11,rus,ru-fr_interference/2/wav_et_textgrids/FRcorp_textgrids_only/AB/ab_rus_list1_FRcorp7.TextGrid,ru-fr_interference/2/wav_et_textgrids/FRcorp_textgrids_only/AB/ab_rus_list1_FRcorp7.wav,False,False,1.16807,403.0960801426567,1584.579719118101,,,,,,,,400.9040214312207,,0.0033784633278849925,5000,
AB,FRcorp7,7,1,list1,6,u,u,louche,1.19,1.39,0.1999999999999999,199.99999999999991,L2,ru,f,22,A1,C2,153.11,rus,ru-fr_interference/2/wav_et_textgrids/FRcorp_textgrids_only/AB/ab_rus_list1_FRcorp7.TextGrid,ru-fr_interference/2/wav_et_textgrids/FRcorp_textgrids_only/AB/ab_rus_list1_FRcorp7.wav,True,False,1.29,343.61274353558696,1073.9331299549615,2870.377096286662,351.1401009549111,1439.2329935328355,2972.3821814492867,308.3345443572131,1054.7275952068671,2822.6385954327766,242.61783847917002,,0.009897452198500103,5000,
AB,FRcorp7,7,1,list1,7,ʃ,ʃ,louche,1.39,1.67,0.28,280.0,L2,ru,f,22,A1,C2,153.11,rus,ru-fr_interference/2/wav_et_textgrids/FRcorp_textgrids_only/AB/ab_rus_list1_FRcorp7.TextGrid,ru-fr_interference/2/wav_et_textgrids/FRcorp_textgrids_only/AB/ab_rus_list1_FRcorp7.wav,False,True,1.5299999999999998,1407.122956623493,2588.9074987276163,,,,,,,,,4871.468044282245,0.006686475532803599,5000,
AB,FRcorp7,7,1,list1,9,t,t,trois,1.91,1.96,0.05,50.00000000000004,L2,ru,f,22,A1,C2,153.11,rus,ru-fr_interference/2/wav_et_textgrids/FRcorp_textgrids_only/AB/ab_rus_list1_FRcorp7.TextGrid,ru-fr_interference/2/wav_et_textgrids/FRcorp_textgrids_only/AB/ab_rus_list1_FRcorp7.wav,False,False,1.935,975.3386030884947,2213.9102715964914,,,,,,,,,,0.0015536143008201767,5000,
AB,FRcorp7,7,1,list1,10,ʁ,ʁ,trois,1.96,2.04,0.08,80.00000000000007,L2,ru,f,22,A1,C2,153.11,rus,ru-fr_interference/2/wav_et_textgrids/FRcorp_textgrids_only/AB/ab_rus_list1_FRcorp7.TextGrid,ru-fr_interference/2/wav_et_textgrids/FRcorp_textgrids_only/AB/ab_rus_list1_FRcorp7.wav,False,True,2.0,685.6263021922624,1226.9562001762565,,,,,,,,,4657.3484250993015,0.002231117675556964,5000,
AB,FRcorp7,7,1,list1,11,w,w,trois,2.04,2.12,0.08,80.00000000000007,L2,ru,f,22,A1,C2,153.11,rus,ru-fr_interference/2/wav_et_textgrids/FRcorp_textgrids_only/AB/ab_rus_list1_FRcorp7.TextGrid,ru-fr_interference/2/wav_et_textgrids/FRcorp_textgrids_only/AB/ab_rus_list1_FRcorp7.wav,False,False,2.08,478.60767969516587,961.4586016219565,,,,,,,,218.09222195171225,,0.017789919539902225,5000,
AB,FRcorp7,7,1,list1,12,a,a,trois,2.12,2.25,0.1299999999999999,129.9999999999999,L2,ru,f,22,A1,C2,153.11,rus,ru-fr_interference/2/wav_et_textgrids/FRcorp_textgrids_only/AB/ab_rus_list1_FRcorp7.TextGrid,ru-fr_interference/2/wav_et_textgrids/FRcorp_textgrids_only/AB/ab_rus_list1_FRcorp7.wav,True,False,2.185,807.9081357593093,1317.323586892736,2885.8590382641723,755.1616528844414,1274.117168577992,2798.1058288289355,722.6657777780968,1244.2749029054378,2899.9062380549058,223.4717601031049,,0.012568268025322056,5000,
AB,FRcorp7,7,1,list1,13,f,f,fois,2.25,2.42,0.1699999999999999,169.99999999999994,L2,ru,f,22,A1,C2,153.11,rus,ru-fr_interference/2/wav_et_textgrids/FRcorp_textgrids_only/AB/ab_rus_list1_FRcorp7.TextGrid,ru-fr_interference/2/wav_et_textgrids/FRcorp_textgrids_only/AB/ab_rus_list1_FRcorp7.wav,False,True,2.335,1343.5787669905005,1957.4114023651582,,,,,,,,,5772.487004105217,0.000754116724032562,5000,
AB,FRcorp7,7,1,list1,14,w,w,fois,2.42,2.48,0.06,60.00000000000006,L2,ru,f,22,A1,C2,153.11,rus,ru-fr_interference/2/wav_et_textgrids/FRcorp_textgrids_only/AB/ab_rus_list1_FRcorp7.TextGrid,ru-fr_interference/2/wav_et_textgrids/FRcorp_textgrids_only/AB/ab_rus_list1_FRcorp7.wav,False,False,2.45,509.38794570813695,889.5538791386449,,,,,,,,,,0.010081639238715412,5000,
AB,FRcorp7,7,1,list1,15,a,a,fois,2.48,2.66,0.1800000000000001,180.00000000000017,L2,ru,f,22,A1,C2,153.11,rus,ru-fr_interference/2/wav_et_textgrids/FRcorp_textgrids_only/AB/ab_rus_list1_FRcorp7.TextGrid,ru-fr_interference/2/wav_et_textgrids/FRcorp_textgrids_only/AB/ab_rus_list1_FRcorp7.wav,True,False,2.5700000000000003,854.9725945838683,1358.2176720461568,3029.3315542893197,845.7529643272236,1394.864905991604,2839.3531658757815,714.8851722772514,1309.619362927388,3329.470620224315,210.1316665163264,,0.008009291235976643,5000,
AB,FRcorp8,8,1,list1,2,l,l,la,1.01,1.13,0.1199999999999998,119.99999999999989,L2,ru,f,22,A1,C2,153.11,rus,ru-fr_interference/2/wav_et_textgrids/FRcorp_textgrids_only/AB/ab_rus_list1_FRcorp8.TextGrid,ru-fr_interference/2/wav_et_textgrids/FRcorp_textgrids_only/AB/ab_rus_list1_FRcorp8.wav,False,False,1.0699999999999998,421.1585230124579,1900.9661965740002,,,,,,,,105.29033898047392,,0.008903315232582781,5000,
AB,FRcorp8,8,1,list1,3,a,a,la,1.13,1.26,0.1300000000000001,130.0000000000001,L2,ru,f,22,A1,C2,153.11,rus,ru-fr_interference/2/wav_et_textgrids/FRcorp_textgrids_only/AB/ab_rus_list1_FRcorp8.TextGrid,ru-fr_interference/2/wav_et_textgrids/FRcorp_textgrids_only/AB/ab_rus_list1_FRcorp8.wav,True,False,1.1949999999999998,847.6548242188136,1602.1851405107852,2942.5138465986315,798.0748595225903,1694.3514608734458,2997.671991428546,788.5922189912303,1540.4003590126422,2913.791368260111,198.00789410832846,,0.013483949774190648,5000,
AB,FRcorp8,8,1,list1,4,ʁ,ʁ,roue,1.26,1.38,0.1199999999999998,119.99999999999989,L2,ru,f,22,A1,C2,153.11,rus,ru-fr_interference/2/wav_et_textgrids/FRcorp_textgrids_only/AB/ab_rus_list1_FRcorp8.TextGrid,ru-fr_interference/2/wav_et_textgrids/FRcorp_textgrids_only/AB/ab_rus_list1_FRcorp8.wav,False,True,1.3199999999999998,392.03640814161275,1031.362766787894,,,,,,,,207.0964779671698,2169.225766930488,0.008077555149219654,5000,
AB,FRcorp8,8,1,list1,5,u,u,roue,1.38,1.63,0.25,250.0,L2,ru,f,22,A1,C2,153.11,rus,ru-fr_interference/2/wav_et_textgrids/FRcorp_textgrids_only/AB/ab_rus_list1_FRcorp8.TextGrid,ru-fr_interference/2/wav_et_textgrids/FRcorp_textgrids_only/AB/ab_rus_list1_FRcorp8.wav,True,False,1.505,322.86010468272167,941.4153591668369,2882.514320955996,438.3727431583592,934.566120331597,2970.56536355143,341.440792371467,1018.4423557257336,2565.0116721381855,288.2335836522102,,0.010998441956709187,5000,
AB,FRcorp8,8,1,list1,7,s,s,sur,1.86,2.05,0.1899999999999997,189.99999999999972,L2,ru,f,22,A1,C2,153.11,rus,ru-fr_interference/2/wav_et_textgrids/FRcorp_textgrids_only/AB/ab_rus_list1_FRcorp8.TextGrid,ru-fr_interference/2/wav_et_textgrids/FRcorp_textgrids_only/AB/ab_rus_list1_FRcorp8.wav,False,True,1.955,1221.7718654762716,2631.7460497730367,,,,,,,,,7017.216359350492,0.004023130655194995,5000,
AB,FRcorp8,8,1,list1,8,y,y,sur,2.05,2.12,0.0700000000000002,70.00000000000028,L2,ru,f,22,A1,C2,153.11,rus,ru-fr_interference/2/wav_et_textgrids/FRcorp_textgrids_only/AB/ab_rus_list1_FRcorp8.TextGrid,ru-fr_interference/2/wav_et_textgrids/FRcorp_textgrids_only/AB/ab_rus_list1_FRcorp8.wav,True,False,2.085,451.2932456130847,1887.4360719264087,2639.5712596952876,,,,,,,230.91575349693724,,0.013477194672876107,5000,
AB,FRcorp8,8,1,list1,9,ʁ,ʁ,sur,2.12,2.22529,0.1052900000000001,105.2900000000001,L2,ru,f,22,A1,C2,153.11,rus,ru-fr_interference/2/wav_et_textgrids/FRcorp_textgrids_only/AB/ab_rus_list1_FRcorp8.TextGrid,ru-fr_interference/2/wav_et_textgrids/FRcorp_textgrids_only/AB/ab_rus_list1_FRcorp8.wav,False,True,2.172645,287.5337135088938,1297.1213456629148,,,,,,,,214.66354049369085,3334.662958745618,0.007096190858375615,5000,
AB,FRcorp8,8,1,list1,10,l,l,la,2.22529,2.31,0.0847099999999998,84.70999999999984,L2,ru,f,22,A1,C2,153.11,rus,ru-fr_interference/2/wav_et_textgrids/FRcorp_textgrids_only/AB/ab_rus_list1_FRcorp8.TextGrid,ru-fr_interference/2/wav_et_textgrids/FRcorp_textgrids_only/AB/ab_rus_list1_FRcorp8.wav,False,False,2.267645,409.91673537748295,1546.938696561572,,,,,,,,214.95223530567833,,0.009541578304146784,5000,
AB,FRcorp8,8,1,list1,11,a,a,la,2.31,2.41,0.1,100.00000000000009,L2,ru,f,22,A1,C2,153.11,rus,ru-fr_interference/2/wav_et_textgrids/FRcorp_textgrids_only/AB/ab_rus_list1_FRcorp8.TextGrid,ru-fr_interference/2/wav_et_textgrids/FRcorp_textgrids_only/AB/ab_rus_list1_FRcorp8.wav,True,False,2.3600000000000003,691.625611317765,1736.1572960195988,2814.829432354254,617.4354724576665,1759.9408514498055,2382.3048228170264,711.8131670562126,1732.9886046636223,2800.622773802751,198.13837807160004,,0.009727839748301057,5000,
AB,FRcorp8,8,1,list1,12,ʁ,ʁ,rue,2.41,2.59,0.1799999999999997,179.99999999999972,L2,ru,f,22,A1,C2,153.11,rus,ru-fr_interference/2/wav_et_textgrids/FRcorp_textgrids_only/AB/ab_rus_list1_FRcorp8.TextGrid,ru-fr_interference/2/wav_et_textgrids/FRcorp_textgrids_only/AB/ab_rus_list1_FRcorp8.wav,False,True,2.5,1080.5533867954616,2464.184448344189,,,,,,,,148.23056884914587,3418.7275828771662,0.002705131604005042,5000,
AB,FRcorp8,8,1,list1,13,y,y,rue,2.59,2.84,0.25,250.0,L2,ru,f,22,A1,C2,153.11,rus,ru-fr_interference/2/wav_et_textgrids/FRcorp_textgrids_only/AB/ab_rus_list1_FRcorp8.TextGrid,ru-fr_interference/2/wav_et_textgrids/FRcorp_textgrids_only/AB/ab_rus_list1_FRcorp8.wav,True,False,2.715,298.8971252228227,1719.1217964889352,2574.881561517784,403.8956835344498,1893.1005005260204,2514.8315808225593,316.53789021759616,1847.631431784773,2714.0540703201605,269.2790317451342,,0.009478684151476307,5000,
AB,FRcorp8,8,1,list1,15,ʁ,ʁ,roule,3.1,3.23,0.1299999999999999,129.9999999999999,L2,ru,f,22,A1,C2,153.11,rus,ru-fr_interference/2/wav_et_textgrids/FRcorp_textgrids_only/AB/ab_rus_list1_FRcorp8.TextGrid,ru-fr_interference/2/wav_et_textgrids/FRcorp_textgrids_only/AB/ab_rus_list1_FRcorp8.wav,False,True,3.165,415.3682853322992,1139.6988040657852,,,,,,,,209.67596720473722,2617.06357799595,0.004723435369529008,5000,
AB,FRcorp8,8,1,list1,16,u,u,roule,3.23,3.33,0.1,100.00000000000009,L2,ru,f,22,A1,C2,153.11,rus,ru-fr_interference/2/wav_et_textgrids/FRcorp_textgrids_only/AB/ab_rus_list1_FRcorp8.TextGrid,ru-fr_interference/2/wav_et_textgrids/FRcorp_textgrids_only/AB/ab_rus_list1_FRcorp8.wav,True,False,3.2800000000000002,411.86933579255435,883.5243696532037,2799.720426013202,395.4390646583852,824.6338346117444,2819.1068655981344,380.41919621961983,1073.6148235539208,2576.046501725442,217.0235641660063,,0.01522636357410504,5000,
AB,FRcorp8,8,1,list1,17,l,l,roule,3.33,3.47,0.1400000000000001,140.0000000000001,L2,ru,f,22,A1,C2,153.11,rus,ru-fr_interference/2/wav_et_textgrids/FRcorp_textgrids_only/AB/ab_rus_list1_FRcorp8.TextGrid,ru-fr_interference/2/wav_et_textgrids/FRcorp_textgrids_only/AB/ab_rus_list1_FRcorp8.wav,False,False,3.4000000000000004,275.2594915115378,1898.4650711017784,,,,,,,,229.9380273397829,,0.007004943051163653,5000,
AB,FRcorp8,8,1,list1,19,l,l,la,3.94,4.05,0.1099999999999998,109.99999999999989,L2,ru,f,22,A1,C2,153.11,rus,ru-fr_interference/2/wav_et_textgrids/FRcorp_textgrids_only/AB/ab_rus_list1_FRcorp8.TextGrid,ru-fr_interference/2/wav_et_textgrids/FRcorp_textgrids_only/AB/ab_rus_list1_FRcorp8.wav,False,False,3.995,403.50710862553694,2030.7758009336767,,,,,,,,220.48836167890826,,0.00901497424415166,5000,
AB,FRcorp8,8,1,list1,20,a,a,la,4.05,4.2,0.1500000000000003,150.00000000000034,L2,ru,f,22,A1,C2,153.11,rus,ru-fr_interference/2/wav_et_textgrids/FRcorp_textgrids_only/AB/ab_rus_list1_FRcorp8.TextGrid,ru-fr_interference/2/wav_et_textgrids/FRcorp_textgrids_only/AB/ab_rus_list1_FRcorp8.wav,True,False,4.125,730.3540613867956,1742.4095741278684,2873.638236279698,689.1980420375274,1772.6698615868277,2886.1151138364444,708.2011123037332,1630.18798398167,2870.311729580538,203.86890499959745,,0.011025501907965043,5000,
AB,FRcorp8,8,1,list1,22,ʁ,ʁ,rue,4.24,4.37,0.1299999999999999,129.9999999999999,L2,ru,f,22,A1,C2,153.11,rus,ru-fr_interference/2/wav_et_textgrids/FRcorp_textgrids_only/AB/ab_rus_list1_FRcorp8.TextGrid,ru-fr_interference/2/wav_et_textgrids/FRcorp_textgrids_only/AB/ab_rus_list1_FRcorp8.wav,False,True,4.305,1429.6389687999358,2523.2790486942185,,,,,,,,211.2518384015939,3011.7181854887945,0.0037343275083949372,5000,
AB,FRcorp8,8,1,list1,23,y,y,rue,4.37,4.6,0.2299999999999995,229.99999999999957,L2,ru,f,22,A1,C2,153.11,rus,ru-fr_interference/2/wav_et_textgrids/FRcorp_textgrids_only/AB/ab_rus_list1_FRcorp8.TextGrid,ru-fr_interference/2/wav_et_textgrids/FRcorp_textgrids_only/AB/ab_rus_list1_FRcorp8.wav,True,False,4.484999999999999,375.50107656694917,1500.3220188392902,2564.7933263952973,396.3994770678413,1794.9898825137009,2601.659749848586,415.9580360285008,732.7254746640205,2274.555560107974,233.37041095911235,,0.009755938841717413,5000,
AB,FRcorp8,8,1,list1,25,s,s,sous,4.75,4.94,0.1900000000000004,190.0000000000004,L2,ru,f,22,A1,C2,153.11,rus,ru-fr_interference/2/wav_et_textgrids/FRcorp_textgrids_only/AB/ab_rus_list1_FRcorp8.TextGrid,ru-fr_interference/2/wav_et_textgrids/FRcorp_textgrids_only/AB/ab_rus_list1_FRcorp8.wav,False,True,4.845000000000001,1250.9370429904518,2315.9094748807624,,,,,,,,,7255.831098458717,0.0027574487891643584,5000,
AB,FRcorp8,8,1,list1,26,u,u,sous,4.94,5.03,0.0899999999999998,89.99999999999986,L2,ru,f,22,A1,C2,153.11,rus,ru-fr_interference/2/wav_et_textgrids/FRcorp_textgrids_only/AB/ab_rus_list1_FRcorp8.TextGrid,ru-fr_interference/2/wav_et_textgrids/FRcorp_textgrids_only/AB/ab_rus_list1_FRcorp8.wav,True,False,4.985,444.2649265562271,1404.9552194808323,2628.352608717698,441.1274614795871,1593.5158736879628,2708.838792499507,442.67603896546944,1335.6793610770749,2587.4356309848704,228.51721492677774,,0.013799221763899345,5000,
AB,FRcorp8,8,1,list1,27,l,l,la,5.03,5.21,0.1799999999999997,179.99999999999972,L2,ru,f,22,A1,C2,153.11,rus,ru-fr_interference/2/wav_et_textgrids/FRcorp_textgrids_only/AB/ab_rus_list1_FRcorp8.TextGrid,ru-fr_interference/2/wav_et_textgrids/FRcorp_textgrids_only/AB/ab_rus_list1_FRcorp8.wav,False,False,5.12,371.7347986913963,1739.1521366438606,,,,,,,,209.1008323181092,,0.01014249846031127,5000,
AB,FRcorp8,8,1,list1,28,a,a,la,5.21,5.35,0.1399999999999996,139.9999999999997,L2,ru,f,22,A1,C2,153.11,rus,ru-fr_interference/2/wav_et_textgrids/FRcorp_textgrids_only/AB/ab_rus_list1_FRcorp8.TextGrid,ru-fr_interference/2/wav_et_textgrids/FRcorp_textgrids_only/AB/ab_rus_list1_FRcorp8.wav,True,False,5.279999999999999,781.7578501137326,1621.2913589635025,2888.622714014859,730.295597756887,1683.8883465909162,2902.6288504511163,698.6425252843297,1667.7012460008953,2830.5111537427865,196.31918489692168,,0.007518993471117406,5000,
AB,FRcorp8,8,1,list1,30,ʁ,ʁ,roue,5.39,5.52,0.1299999999999999,129.9999999999999,L2,ru,f,22,A1,C2,153.11,rus,ru-fr_interference/2/wav_et_textgrids/FRcorp_textgrids_only/AB/ab_rus_list1_FRcorp8.TextGrid,ru-fr_interference/2/wav_et_textgrids/FRcorp_textgrids_only/AB/ab_rus_list1_FRcorp8.wav,False,True,5.455,416.99767541095787,1050.4063681193027,,,,,,,,205.26286988673695,1907.4273686534623,0.005612492757177937,5000,
AB,FRcorp8,8,1,list1,31,u,u,roue,5.52,5.7,0.1800000000000006,180.0000000000006,L2,ru,f,22,A1,C2,153.11,rus,ru-fr_interference/2/wav_et_textgrids/FRcorp_textgrids_only/AB/ab_rus_list1_FRcorp8.TextGrid,ru-fr_interference/2/wav_et_textgrids/FRcorp_textgrids_only/AB/ab_rus_list1_FRcorp8.wav,True,False,5.609999999999999,392.87367815025516,997.2014378731736,3044.08414453109,428.9070090661738,887.8262040788768,2907.9365566864753,317.7651439528125,931.9487967110522,2657.8463011333442,263.9317157802368,,0.010094190182671117,5000,
AB,FRcorp8,8,1,list1,33,ʁ,ʁ,reste,5.97,6.07,0.1000000000000005,100.00000000000054,L2,ru,f,22,A1,C2,153.11,rus,ru-fr_interference/2/wav_et_textgrids/FRcorp_textgrids_only/AB/ab_rus_list1_FRcorp8.TextGrid,ru-fr_interference/2/wav_et_textgrids/FRcorp_textgrids_only/AB/ab_rus_list1_FRcorp8.wav,False,True,6.02,419.63019713051864,1529.90010144789,,,,,,,,215.8731056715432,3061.350398333895,0.0034768408560041956,5000,
AB,FRcorp8,8,1,list1,34,ɛ,ɛ,reste,6.07,6.17,0.0999999999999996,99.99999999999964,L2,ru,f,22,A1,C2,153.11,rus,ru-fr_interference/2/wav_et_textgrids/FRcorp_textgrids_only/AB/ab_rus_list1_FRcorp8.TextGrid,ru-fr_interference/2/wav_et_textgrids/FRcorp_textgrids_only/AB/ab_rus_list1_FRcorp8.wav,True,False,6.12,596.0084067482314,1980.4229715010526,2827.5502627994624,609.1912865837807,1609.680063928274,2923.7885616493318,495.8550628583977,2090.177068443056,2944.811333307121,204.6483156746415,,0.013513056573842637,5000,
AB,FRcorp8,8,1,list1,35,s,s,reste,6.17,6.32,0.1500000000000003,150.00000000000034,L2,ru,f,22,A1,C2,153.11,rus,ru-fr_interference/2/wav_et_textgrids/FRcorp_textgrids_only/AB/ab_rus_list1_FRcorp8.TextGrid,ru-fr_interference/2/wav_et_textgrids/FRcorp_textgrids_only/AB/ab_rus_list1_FRcorp8.wav,False,True,6.245,1098.4184833107704,2130.1214323188137,,,,,,,,,8104.99105277454,0.0020719652545603618,5000,
AB,FRcorp8,8,1,list1,36,t,t,reste,6.32,6.47,0.1499999999999994,149.99999999999946,L2,ru,f,22,A1,C2,153.11,rus,ru-fr_interference/2/wav_et_textgrids/FRcorp_textgrids_only/AB/ab_rus_list1_FRcorp8.TextGrid,ru-fr_interference/2/wav_et_textgrids/FRcorp_textgrids_only/AB/ab_rus_list1_FRcorp8.wav,False,False,6.395,1000.3803941332535,2055.6143156170415,,,,,,,,,,0.0004387847046207327,5000,
AB,FRcorp9,9,1,list1,2,d,d,dis,0.78991,0.97,0.1800899999999999,180.08999999999995,L2,ru,f,22,A1,C2,153.11,rus,ru-fr_interference/2/wav_et_textgrids/FRcorp_textgrids_only/AB/ab_rus_list1_FRcorp9.TextGrid,ru-fr_interference/2/wav_et_textgrids/FRcorp_textgrids_only/AB/ab_rus_list1_FRcorp9.wav,False,False,0.879955,224.5637140713711,793.6685183297968,,,,,,,,204.91734526775446,,0.005169642316542933,5000,
AB,FRcorp9,9,1,list1,3,i,i,dis,0.97,1.22,0.25,250.0,L2,ru,f,22,A1,C2,153.11,rus,ru-fr_interference/2/wav_et_textgrids/FRcorp_textgrids_only/AB/ab_rus_list1_FRcorp9.TextGrid,ru-fr_interference/2/wav_et_textgrids/FRcorp_textgrids_only/AB/ab_rus_list1_FRcorp9.wav,True,False,1.095,380.52443420422935,2706.9675080512743,3589.747002862121,385.98805307367616,2636.0601912347797,3578.2411549621556,332.13990624535353,2618.4080624866633,3458.575082624506,243.06029909217173,,0.00825112793229202,5000,
AB,FRcorp9,9,1,list1,5,t,t,tulle,1.44101,1.55,0.1089900000000001,108.99000000000014,L2,ru,f,22,A1,C2,153.11,rus,ru-fr_interference/2/wav_et_textgrids/FRcorp_textgrids_only/AB/ab_rus_list1_FRcorp9.TextGrid,ru-fr_interference/2/wav_et_textgrids/FRcorp_textgrids_only/AB/ab_rus_list1_FRcorp9.wav,False,False,1.495505,1087.1837711836565,2760.136459273674,,,,,,,,,,0.0040484221521997765,5000,
AB,FRcorp9,9,1,list1,6,y,y,tulle,1.55,1.7,0.1499999999999999,149.99999999999991,L2,ru,f,22,A1,C2,153.11,rus,ru-fr_interference/2/wav_et_textgrids/FRcorp_textgrids_only/AB/ab_rus_list1_FRcorp9.TextGrid,ru-fr_interference/2/wav_et_textgrids/FRcorp_textgrids_only/AB/ab_rus_list1_FRcorp9.wav,True,False,1.625,317.78367024034503,1911.2576756891667,2473.101628863867,312.83020504097504,2160.389636340731,2577.497315353011,291.67140168538697,1702.306529924745,2326.670309042019,249.41818262611858,,0.013811038534760903,5000,
AB,FRcorp9,9,1,list1,7,l,l,tulle,1.7,1.81,0.1100000000000001,110.0000000000001,L2,ru,f,22,A1,C2,153.11,rus,ru-fr_interference/2/wav_et_textgrids/FRcorp_textgrids_only/AB/ab_rus_list1_FRcorp9.TextGrid,ru-fr_interference/2/wav_et_textgrids/FRcorp_textgrids_only/AB/ab_rus_list1_FRcorp9.wav,False,False,1.755,322.87236120234,1802.4582531107424,,,,,,,,312.44865550857617,,0.007115732511809366,5000,
AB,FRcorp9,9,1,list1,9,t,t,trois,2.19,2.24,0.0500000000000002,50.00000000000027,L2,ru,f,22,A1,C2,153.11,rus,ru-fr_interference/2/wav_et_textgrids/FRcorp_textgrids_only/AB/ab_rus_list1_FRcorp9.TextGrid,ru-fr_interference/2/wav_et_textgrids/FRcorp_textgrids_only/AB/ab_rus_list1_FRcorp9.wav,False,False,2.215,1008.9675751944089,2322.6569715706355,,,,,,,,,,0.001914340164642968,5000,
AB,FRcorp9,9,1,list1,10,ʁ,ʁ,trois,2.24,2.31,0.0699999999999998,69.99999999999984,L2,ru,f,22,A1,C2,153.11,rus,ru-fr_interference/2/wav_et_textgrids/FRcorp_textgrids_only/AB/ab_rus_list1_FRcorp9.TextGrid,ru-fr_interference/2/wav_et_textgrids/FRcorp_textgrids_only/AB/ab_rus_list1_FRcorp9.wav,False,True,2.2750000000000004,1228.9075523649433,1674.5945691261688,,,,,,,,,4162.640315092008,0.002210950610896129,5000,
AB,FRcorp9,9,1,list1,11,w,w,trois,2.31,2.38,0.0699999999999998,69.99999999999984,L2,ru,f,22,A1,C2,153.11,rus,ru-fr_interference/2/wav_et_textgrids/FRcorp_textgrids_only/AB/ab_rus_list1_FRcorp9.TextGrid,ru-fr_interference/2/wav_et_textgrids/FRcorp_textgrids_only/AB/ab_rus_list1_FRcorp9.wav,False,False,2.3449999999999998,464.51561630029556,953.524106450378,,,,,,,,215.5253224582758,,0.014776290318182766,5000,
AB,FRcorp9,9,1,list1,12,a,a,trois,2.38,2.51,0.1299999999999999,129.9999999999999,L2,ru,f,22,A1,C2,153.11,rus,ru-fr_interference/2/wav_et_textgrids/FRcorp_textgrids_only/AB/ab_rus_list1_FRcorp9.TextGrid,ru-fr_interference/2/wav_et_textgrids/FRcorp_textgrids_only/AB/ab_rus_list1_FRcorp9.wav,True,False,2.445,763.0380656558756,1304.5980025164142,2794.2265593680686,699.2458375703238,1308.2274794232758,2814.9285826570826,777.4584828259347,1345.6238767503523,2801.886055851538,217.37753112745514,,0.012619701618217443,5000,
AB,FRcorp9,9,1,list1,13,f,f,fois,2.51,2.67,0.1600000000000001,160.00000000000014,L2,ru,f,22,A1,C2,153.11,rus,ru-fr_interference/2/wav_et_textgrids/FRcorp_textgrids_only/AB/ab_rus_list1_FRcorp9.TextGrid,ru-fr_interference/2/wav_et_textgrids/FRcorp_textgrids_only/AB/ab_rus_list1_FRcorp9.wav,False,True,2.59,1248.9483737001403,1636.6264978276888,,,,,,,,,6149.595848656163,0.0009450665530786494,5000,
AB,FRcorp9,9,1,list1,14,w,w,fois,2.67,2.73,0.06,60.00000000000006,L2,ru,f,22,A1,C2,153.11,rus,ru-fr_interference/2/wav_et_textgrids/FRcorp_textgrids_only/AB/ab_rus_list1_FRcorp9.TextGrid,ru-fr_interference/2/wav_et_textgrids/FRcorp_textgrids_only/AB/ab_rus_list1_FRcorp9.wav,False,False,2.7,531.9214194230316,898.5136504268839,,,,,,,,202.15178613201766,,0.012540959197934395,5000,
AB,FRcorp9,9,1,list1,15,a,a,fois,2.73,2.9,0.1699999999999999,169.99999999999994,L2,ru,f,22,A1,C2,153.11,rus,ru-fr_interference/2/wav_et_textgrids/FRcorp_textgrids_only/AB/ab_rus_list1_FRcorp9.TextGrid,ru-fr_interference/2/wav_et_textgrids/FRcorp_textgrids_only/AB/ab_rus_list1_FRcorp9.wav,True,False,2.815,872.5361602029542,1358.4431857302707,3058.8531557824163,761.0394066981671,1347.7541736368084,2812.713668019767,1275.6150635996016,1345.9108721291952,3448.600226667167,206.45795853881518,,0.007604735288524151,5000,
AB,FRcorp10,10,1,list1,2,d,d,dis,0.67,0.82,0.1499999999999999,149.99999999999991,L2,ru,f,22,A1,C2,153.11,rus,ru-fr_interference/2/wav_et_textgrids/FRcorp_textgrids_only/AB/ab_rus_list1_FRcorp10.TextGrid,ru-fr_interference/2/wav_et_textgrids/FRcorp_textgrids_only/AB/ab_rus_list1_FRcorp10.wav,False,False,0.745,217.72251468948573,761.4110996072778,,,,,,,,198.49224021167868,,0.005449699795527771,5000,
AB,FRcorp10,10,1,list1,3,i,i,dis,0.82,1.14,0.3199999999999999,319.99999999999994,L2,ru,f,22,A1,C2,153.11,rus,ru-fr_interference/2/wav_et_textgrids/FRcorp_textgrids_only/AB/ab_rus_list1_FRcorp10.TextGrid,ru-fr_interference/2/wav_et_textgrids/FRcorp_textgrids_only/AB/ab_rus_list1_FRcorp10.wav,True,False,0.98,391.98475972628216,2630.0851617749404,3555.2358020622437,331.6276782200427,2617.92904299547,3433.5929277175646,358.717646806751,2550.1124193700384,3256.2518093580925,219.67567891071604,,0.009991212784442788,5000,
AB,FRcorp10,10,1,list1,5,j,j,juxtaposer,1.36695,1.52,0.1530499999999999,153.0499999999999,L2,ru,f,22,A1,C2,153.11,rus,ru-fr_interference/2/wav_et_textgrids/FRcorp_textgrids_only/AB/ab_rus_list1_FRcorp10.TextGrid,ru-fr_interference/2/wav_et_textgrids/FRcorp_textgrids_only/AB/ab_rus_list1_FRcorp10.wav,False,False,1.443475,307.1914783882286,2714.439321874876,,,,,,,,196.14266805158445,,0.0029461220835886714,5000,
AB,FRcorp10,10,1,list1,6,y,y,juxtaposer,1.52,1.61,0.09,90.00000000000009,L2,ru,f,22,A1,C2,153.11,rus,ru-fr_interference/2/wav_et_textgrids/FRcorp_textgrids_only/AB/ab_rus_list1_FRcorp10.TextGrid,ru-fr_interference/2/wav_et_textgrids/FRcorp_textgrids_only/AB/ab_rus_list1_FRcorp10.wav,True,False,1.565,379.2210919107661,1835.7981254240306,2434.5102279640905,341.49348935493833,2551.1850188913972,2823.32209810815,327.6114724581859,1444.980061092089,2844.322140304544,235.29382469035528,,0.007225039085838612,5000,
AB,FRcorp10,10,1,list1,7,k,k,juxtaposer,1.61,1.68,0.0699999999999998,69.99999999999984,L2,ru,f,22,A1,C2,153.11,rus,ru-fr_interference/2/wav_et_textgrids/FRcorp_textgrids_only/AB/ab_rus_list1_FRcorp10.TextGrid,ru-fr_interference/2/wav_et_textgrids/FRcorp_textgrids_only/AB/ab_rus_list1_FRcorp10.wav,False,False,1.645,1472.9010120437604,2120.834570989243,,,,,,,,,,0.0017356681982347434,5000,
AB,FRcorp10,10,1,list1,8,s,s,juxtaposer,1.68,1.81,0.1300000000000001,130.0000000000001,L2,ru,f,22,A1,C2,153.11,rus,ru-fr_interference/2/wav_et_textgrids/FRcorp_textgrids_only/AB/ab_rus_list1_FRcorp10.TextGrid,ru-fr_interference/2/wav_et_textgrids/FRcorp_textgrids_only/AB/ab_rus_list1_FRcorp10.wav,False,True,1.745,1169.0566609360492,2353.5934454487738,,,,,,,,,8009.824391370403,0.010488551841732339,5000,
AB,FRcorp10,10,1,list1,9,t,t,juxtaposer,1.81,1.86,0.05,50.00000000000004,L2,ru,f,22,A1,C2,153.11,rus,ru-fr_interference/2/wav_et_textgrids/FRcorp_textgrids_only/AB/ab_rus_list1_FRcorp10.TextGrid,ru-fr_interference/2/wav_et_textgrids/FRcorp_textgrids_only/AB/ab_rus_list1_FRcorp10.wav,False,False,1.835,990.1970263368364,1632.4341698708668,,,,,,,,,,0.0038506568627734855,5000,
AB,FRcorp10,10,1,list1,10,a,a,juxtaposer,1.86,1.94,0.0799999999999998,79.99999999999984,L2,ru,f,22,A1,C2,153.11,rus,ru-fr_interference/2/wav_et_textgrids/FRcorp_textgrids_only/AB/ab_rus_list1_FRcorp10.TextGrid,ru-fr_interference/2/wav_et_textgrids/FRcorp_textgrids_only/AB/ab_rus_list1_FRcorp10.wav,True,False,1.9,722.8033776136429,1526.5582727466701,2816.6610509908246,,,,,,,213.1208007799617,,0.01819288247355074,5000,
AB,FRcorp10,10,1,list1,11,p,p,juxtaposer,1.94,2.08091,0.1409099999999998,140.90999999999983,L2,ru,f,22,A1,C2,153.11,rus,ru-fr_interference/2/wav_et_textgrids/FRcorp_textgrids_only/AB/ab_rus_list1_FRcorp10.TextGrid,ru-fr_interference/2/wav_et_textgrids/FRcorp_textgrids_only/AB/ab_rus_list1_FRcorp10.wav,False,False,2.010455,734.6908214598282,1779.3291585211696,,,,,,,,203.8110238540122,,0.0035154495746829977,5000,
AB,FRcorp10,10,1,list1,12,o,o,juxtaposer,2.08091,2.16103,0.0801199999999999,80.11999999999998,L2,ru,f,22,A1,C2,153.11,rus,ru-fr_interference/2/wav_et_textgrids/FRcorp_textgrids_only/AB/ab_rus_list1_FRcorp10.TextGrid,ru-fr_interference/2/wav_et_textgrids/FRcorp_textgrids_only/AB/ab_rus_list1_FRcorp10.wav,True,False,2.12097,538.7010412747479,1269.9071165621858,2755.693042794002,544.2763584882637,1038.34281764134,2905.6200262272796,471.5937561712655,1460.0321883231056,2793.0337812142284,196.04584958791244,,0.012965277249047549,5000,
AB,FRcorp10,10,1,list1,13,z,z,juxtaposer,2.16103,2.28,0.11897,118.97000000000004,L2,ru,f,22,A1,C2,153.11,rus,ru-fr_interference/2/wav_et_textgrids/FRcorp_textgrids_only/AB/ab_rus_list1_FRcorp10.TextGrid,ru-fr_interference/2/wav_et_textgrids/FRcorp_textgrids_only/AB/ab_rus_list1_FRcorp10.wav,False,True,2.220515,299.9661364784652,1975.0651887527092,,,,,,,,92.11619493572522,5111.867979320203,0.007125288912120335,5000,
AB,FRcorp10,10,1,list1,14,e,e,juxtaposer,2.28,2.44606,0.1660600000000003,166.06000000000031,L2,ru,f,22,A1,C2,153.11,rus,ru-fr_interference/2/wav_et_textgrids/FRcorp_textgrids_only/AB/ab_rus_list1_FRcorp10.TextGrid,ru-fr_interference/2/wav_et_textgrids/FRcorp_textgrids_only/AB/ab_rus_list1_FRcorp10.wav,True,False,2.36303,481.83979233358434,2281.0805108414725,3118.4954383499467,447.34316571472596,2085.9874253169446,2951.6958591336993,349.60838137988895,2683.277401584486,3411.4423471801183,264.1178699380032,,0.008185858438389289,5000,
AB,FRcorp10,10,1,list1,16,t,t,trois,2.83,2.87,0.04,40.000000000000036,L2,ru,f,22,A1,C2,153.11,rus,ru-fr_interference/2/wav_et_textgrids/FRcorp_textgrids_only/AB/ab_rus_list1_FRcorp10.TextGrid,ru-fr_interference/2/wav_et_textgrids/FRcorp_textgrids_only/AB/ab_rus_list1_FRcorp10.wav,False,False,2.85,1226.6731357555902,1624.9456862712943,,,,,,,,,,0.002242095513828802,5000,
AB,FRcorp10,10,1,list1,17,ʁ,ʁ,trois,2.87,2.94,0.0699999999999998,69.99999999999984,L2,ru,f,22,A1,C2,153.11,rus,ru-fr_interference/2/wav_et_textgrids/FRcorp_textgrids_only/AB/ab_rus_list1_FRcorp10.TextGrid,ru-fr_interference/2/wav_et_textgrids/FRcorp_textgrids_only/AB/ab_rus_list1_FRcorp10.wav,False,True,2.9050000000000002,352.12476188951393,1172.4874236873156,,,,,,,,,4404.697047716864,0.002707302304278253,5000,
AB,FRcorp10,10,1,list1,18,w,w,trois,2.94,3.01,0.0699999999999998,69.99999999999984,L2,ru,f,22,A1,C2,153.11,rus,ru-fr_interference/2/wav_et_textgrids/FRcorp_textgrids_only/AB/ab_rus_list1_FRcorp10.TextGrid,ru-fr_interference/2/wav_et_textgrids/FRcorp_textgrids_only/AB/ab_rus_list1_FRcorp10.wav,False,False,2.9749999999999996,504.1038020503591,1021.3401666339753,,,,,,,,209.7703833414273,,0.018372527192507752,5000,
AB,FRcorp10,10,1,list1,19,a,a,trois,3.01,3.14,0.1300000000000003,130.00000000000034,L2,ru,f,22,A1,C2,153.11,rus,ru-fr_interference/2/wav_et_textgrids/FRcorp_textgrids_only/AB/ab_rus_list1_FRcorp10.TextGrid,ru-fr_interference/2/wav_et_textgrids/FRcorp_textgrids_only/AB/ab_rus_list1_FRcorp10.wav,True,False,3.075,772.7436224591729,1314.6480120580572,2800.506809760051,724.759179141836,1274.7108487896355,2749.6714372167376,676.0022124564044,1257.0665453702197,2809.321979252408,204.1053946628949,,0.011753364187932356,5000,
AB,FRcorp10,10,1,list1,20,f,f,fois,3.14,3.32,0.1799999999999997,179.99999999999972,L2,ru,f,22,A1,C2,153.11,rus,ru-fr_interference/2/wav_et_textgrids/FRcorp_textgrids_only/AB/ab_rus_list1_FRcorp10.TextGrid,ru-fr_interference/2/wav_et_textgrids/FRcorp_textgrids_only/AB/ab_rus_list1_FRcorp10.wav,False,True,3.23,1197.3891214618307,1705.4498005242428,,,,,,,,,5844.042244327885,0.000864817513682532,5000,
AB,FRcorp10,10,1,list1,21,w,w,fois,3.32,3.39,0.0700000000000002,70.00000000000028,L2,ru,f,22,A1,C2,153.11,rus,ru-fr_interference/2/wav_et_textgrids/FRcorp_textgrids_only/AB/ab_rus_list1_FRcorp10.TextGrid,ru-fr_interference/2/wav_et_textgrids/FRcorp_textgrids_only/AB/ab_rus_list1_FRcorp10.wav,False,False,3.355,526.5206427369325,875.2541931431354,,,,,,,,197.45890704242163,,0.00885213176381344,5000,
AB,FRcorp10,10,1,list1,22,a,a,fois,3.39,3.55,0.1599999999999997,159.9999999999997,L2,ru,f,22,A1,C2,153.11,rus,ru-fr_interference/2/wav_et_textgrids/FRcorp_textgrids_only/AB/ab_rus_list1_FRcorp10.TextGrid,ru-fr_interference/2/wav_et_textgrids/FRcorp_textgrids_only/AB/ab_rus_list1_FRcorp10.wav,True,False,3.4699999999999998,324.57336270280075,1431.3155856962426,3051.7006008333515,724.5105282282087,1306.6594763309756,2995.425520786008,1426.2048606970818,1545.8466999163752,3362.003643238984,200.95921195898202,,0.00484578693139638,5000,
AB,FRcorp11,11,1,list1,2,d,d,dis,0.83,0.98,0.15,150.00000000000003,L2,ru,f,22,A1,C2,153.11,rus,ru-fr_interference/2/wav_et_textgrids/FRcorp_textgrids_only/AB/ab_rus_list1_FRcorp11.TextGrid,ru-fr_interference/2/wav_et_textgrids/FRcorp_textgrids_only/AB/ab_rus_list1_FRcorp11.wav,False,False,0.905,222.38861511579157,800.2704956093747,,,,,,,,200.3157068520668,,0.005482544937709697,5000,
AB,FRcorp11,11,1,list1,3,i,i,dis,0.98,1.22,0.24,240.0,L2,ru,f,22,A1,C2,153.11,rus,ru-fr_interference/2/wav_et_textgrids/FRcorp_textgrids_only/AB/ab_rus_list1_FRcorp11.TextGrid,ru-fr_interference/2/wav_et_textgrids/FRcorp_textgrids_only/AB/ab_rus_list1_FRcorp11.wav,True,False,1.1,416.3785345137091,2643.7915868470927,3790.2837050309786,347.4654963587007,2604.7514818376017,3575.3699594004925,322.7148335821289,2668.509415470553,3679.4096659673537,219.79683863699256,,0.009043479478152818,5000,
AB,FRcorp11,11,1,list1,5,p,p,pas ceux,1.50438,1.54648,0.0421,42.10000000000002,L2,ru,f,22,A1,C2,153.11,rus,ru-fr_interference/2/wav_et_textgrids/FRcorp_textgrids_only/AB/ab_rus_list1_FRcorp11.TextGrid,ru-fr_interference/2/wav_et_textgrids/FRcorp_textgrids_only/AB/ab_rus_list1_FRcorp11.wav,False,False,1.52543,1400.2522227582074,2548.022439002006,,,,,,,,,,0.002763396206237735,5000,
AB,FRcorp11,11,1,list1,6,ɑ,ɑ,pas ceux,1.54648,1.71,0.1635199999999999,163.5199999999999,L2,ru,f,22,A1,C2,153.11,rus,ru-fr_interference/2/wav_et_textgrids/FRcorp_textgrids_only/AB/ab_rus_list1_FRcorp11.TextGrid,ru-fr_interference/2/wav_et_textgrids/FRcorp_textgrids_only/AB/ab_rus_list1_FRcorp11.wav,True,False,1.62824,856.2872111307768,1440.5709430915274,2896.8744153962157,847.437603001628,1297.3342467448854,2945.4176027965837,669.9702156463738,1736.2512933509147,2959.081633239715,208.88893334922906,,0.014616224371386174,5000,
AB,FRcorp11,11,1,list1,7,s,s,pas ceux,1.71,1.95,0.24,240.0,L2,ru,f,22,A1,C2,153.11,rus,ru-fr_interference/2/wav_et_textgrids/FRcorp_textgrids_only/AB/ab_rus_list1_FRcorp11.TextGrid,ru-fr_interference/2/wav_et_textgrids/FRcorp_textgrids_only/AB/ab_rus_list1_FRcorp11.wav,False,True,1.83,1368.0790230269943,2497.3258188280447,,,,,,,,,7029.312927582024,0.007727763647164806,5000,
AB,FRcorp11,11,1,list1,8,ø,ø,pas ceux,1.95,2.14057,0.1905699999999999,190.5699999999999,L2,ru,f,22,A1,C2,153.11,rus,ru-fr_interference/2/wav_et_textgrids/FRcorp_textgrids_only/AB/ab_rus_list1_FRcorp11.TextGrid,ru-fr_interference/2/wav_et_textgrids/FRcorp_textgrids_only/AB/ab_rus_list1_FRcorp11.wav,True,False,2.045285,422.85912371176045,1611.9302806380838,2965.6609805863172,429.6037805266366,1695.6998437255456,2804.6105262317014,425.31360916222377,1444.8135568713376,2949.163232475286,175.75320042143338,,0.01090802588080888,5000,
AB,FRcorp11,11,1,list1,10,t,t,trois,2.51,2.56,0.0500000000000002,50.00000000000027,L2,ru,f,22,A1,C2,153.11,rus,ru-fr_interference/2/wav_et_textgrids/FRcorp_textgrids_only/AB/ab_rus_list1_FRcorp11.TextGrid,ru-fr_interference/2/wav_et_textgrids/FRcorp_textgrids_only/AB/ab_rus_list1_FRcorp11.wav,False,False,2.535,1505.9674766912844,2136.3691353677605,,,,,,,,,,0.0018300588899121204,5000,
AB,FRcorp11,11,1,list1,11,ʁ,ʁ,trois,2.56,2.63,0.0699999999999998,69.99999999999984,L2,ru,f,22,A1,C2,153.11,rus,ru-fr_interference/2/wav_et_textgrids/FRcorp_textgrids_only/AB/ab_rus_list1_FRcorp11.TextGrid,ru-fr_interference/2/wav_et_textgrids/FRcorp_textgrids_only/AB/ab_rus_list1_FRcorp11.wav,False,True,2.5949999999999998,803.860576777388,1055.5657984728243,,,,,,,,,4243.170397439942,0.0018447283101721615,5000,
AB,FRcorp11,11,1,list1,12,w,w,trois,2.63,2.69,0.06,60.00000000000006,L2,ru,f,22,A1,C2,153.11,rus,ru-fr_interference/2/wav_et_textgrids/FRcorp_textgrids_only/AB/ab_rus_list1_FRcorp11.TextGrid,ru-fr_interference/2/wav_et_textgrids/FRcorp_textgrids_only/AB/ab_rus_list1_FRcorp11.wav,False,False,2.66,471.7384408938933,965.9444458019365,,,,,,,,221.56624475369273,,0.01426709880471652,5000,
AB,FRcorp11,11,1,list1,13,a,a,trois,2.69,2.83,0.1400000000000001,140.0000000000001,L2,ru,f,22,A1,C2,153.11,rus,ru-fr_interference/2/wav_et_textgrids/FRcorp_textgrids_only/AB/ab_rus_list1_FRcorp11.TextGrid,ru-fr_interference/2/wav_et_textgrids/FRcorp_textgrids_only/AB/ab_rus_list1_FRcorp11.wav,True,False,2.76,726.6032800708075,1277.48695178277,2822.99402305019,659.8346047040143,1230.042266241447,2766.546096209183,756.1826411911578,1217.6959299037592,2808.4410750149536,219.60342285912893,,0.016564528011825026,5000,
AB,FRcorp11,11,1,list1,14,f,f,fois,2.83,3.0,0.1699999999999999,169.99999999999994,L2,ru,f,22,A1,C2,153.11,rus,ru-fr_interference/2/wav_et_textgrids/FRcorp_textgrids_only/AB/ab_rus_list1_FRcorp11.TextGrid,ru-fr_interference/2/wav_et_textgrids/FRcorp_textgrids_only/AB/ab_rus_list1_FRcorp11.wav,False,True,2.915,1340.1300410828155,1652.4386743849202,,,,,,,,,5603.32877962185,0.0008273321317234506,5000,
AB,FRcorp11,11,1,list1,15,w,w,fois,3.0,3.05,0.0499999999999998,49.99999999999982,L2,ru,f,22,A1,C2,153.11,rus,ru-fr_interference/2/wav_et_textgrids/FRcorp_textgrids_only/AB/ab_rus_list1_FRcorp11.TextGrid,ru-fr_interference/2/wav_et_textgrids/FRcorp_textgrids_only/AB/ab_rus_list1_FRcorp11.wav,False,False,3.025,460.2555240202924,896.600221068614,,,,,,,,209.17134689454005,,0.009591817130312125,5000,
AB,FRcorp11,11,1,list1,16,a,a,fois,3.05,3.23,0.1800000000000001,180.00000000000017,L2,ru,f,22,A1,C2,153.11,rus,ru-fr_interference/2/wav_et_textgrids/FRcorp_textgrids_only/AB/ab_rus_list1_FRcorp11.TextGrid,ru-fr_interference/2/wav_et_textgrids/FRcorp_textgrids_only/AB/ab_rus_list1_FRcorp11.wav,True,False,3.1399999999999997,758.8691881885369,1341.1105228234803,2984.5597402675976,744.4365775996565,1238.1138805871515,2996.7935732777646,316.11923306847535,1353.3926677990905,3236.210365762861,205.15131385568168,,0.007202829403997522,5000,
AB,FRcorp12,12,1,list1,2,d,d,dis,0.65,0.78,0.13,130.0,L2,ru,f,22,A1,C2,153.11,rus,ru-fr_interference/2/wav_et_textgrids/FRcorp_textgrids_only/AB/ab_rus_list1_FRcorp12.TextGrid,ru-fr_interference/2/wav_et_textgrids/FRcorp_textgrids_only/AB/ab_rus_list1_FRcorp12.wav,False,False,0.7150000000000001,251.81588900812176,743.1621796179028,,,,,,,,205.93195847372672,,0.00603665523415935,5000,
AB,FRcorp12,12,1,list1,3,i,i,dis,0.78,1.01,0.2299999999999999,229.99999999999997,L2,ru,f,22,A1,C2,153.11,rus,ru-fr_interference/2/wav_et_textgrids/FRcorp_textgrids_only/AB/ab_rus_list1_FRcorp12.TextGrid,ru-fr_interference/2/wav_et_textgrids/FRcorp_textgrids_only/AB/ab_rus_list1_FRcorp12.wav,True,False,0.895,516.4592808702832,2744.5498634215755,3808.945658748775,454.25313114056115,2640.39596175842,3595.9136846553893,348.8209216020902,2779.0960876271624,3694.002044547012,212.51936211899516,,0.008658034492212762,5000,
AB,FRcorp12,12,1,list1,5,ɡ,ɡ,garage,1.08199,1.1996,0.1176099999999999,117.61,L2,ru,f,22,A1,C2,153.11,rus,ru-fr_interference/2/wav_et_textgrids/FRcorp_textgrids_only/AB/ab_rus_list1_FRcorp12.TextGrid,ru-fr_interference/2/wav_et_textgrids/FRcorp_textgrids_only/AB/ab_rus_list1_FRcorp12.wav,False,False,1.140795,456.10789086266584,1737.659140044291,,,,,,,,215.67044036028932,,0.009384922218221178,5000,
AB,FRcorp12,12,1,list1,6,a,a,garage,1.1996,1.29,0.0904,90.40000000000003,L2,ru,f,22,A1,C2,153.11,rus,ru-fr_interference/2/wav_et_textgrids/FRcorp_textgrids_only/AB/ab_rus_list1_FRcorp12.TextGrid,ru-fr_interference/2/wav_et_textgrids/FRcorp_textgrids_only/AB/ab_rus_list1_FRcorp12.wav,True,False,1.2448000000000001,751.3995549120849,1709.0414516472192,2948.882324519509,655.3862790528229,1837.7438291782335,2918.9799263969953,871.2188324986404,1569.280165133706,2923.262585061981,212.6271468815014,,0.015530337020881158,5000,
AB,FRcorp12,12,1,list1,7,ʁ,ʁ,garage,1.29,1.37916,0.0891599999999999,89.15999999999991,L2,ru,f,22,A1,C2,153.11,rus,ru-fr_interference/2/wav_et_textgrids/FRcorp_textgrids_only/AB/ab_rus_list1_FRcorp12.TextGrid,ru-fr_interference/2/wav_et_textgrids/FRcorp_textgrids_only/AB/ab_rus_list1_FRcorp12.wav,False,True,1.3345799999999999,422.91496520190793,1465.3324151050044,,,,,,,,198.96131662680963,2410.841767293082,0.0057070824189666735,5000,
AB,FRcorp12,12,1,list1,8,a,a,garage,1.37916,1.55,0.1708400000000001,170.8400000000001,L2,ru,f,22,A1,C2,153.11,rus,ru-fr_interference/2/wav_et_textgrids/FRcorp_textgrids_only/AB/ab_rus_list1_FRcorp12.TextGrid,ru-fr_interference/2/wav_et_textgrids/FRcorp_textgrids_only/AB/ab_rus_list1_FRcorp12.wav,True,False,1.46458,856.8886789333055,1740.169777250167,2896.674342489457,952.2965369088422,1590.6914705778931,2816.923519801871,544.1569261117811,1801.730154378959,2155.945846820122,233.5405613053278,,0.016737969385638016,5000,
AB,FRcorp12,12,1,list1,9,ʒ,ʒ,garage,1.55,1.77043,0.2204299999999999,220.4299999999999,L2,ru,f,22,A1,C2,153.11,rus,ru-fr_interference/2/wav_et_textgrids/FRcorp_textgrids_only/AB/ab_rus_list1_FRcorp12.TextGrid,ru-fr_interference/2/wav_et_textgrids/FRcorp_textgrids_only/AB/ab_rus_list1_FRcorp12.wav,False,True,1.660215,620.2692978759584,2587.9224832052964,,,,,,,,363.1185328585914,4206.77926621027,0.005617309295448047,5000,
AB,FRcorp12,12,1,list1,11,t,t,trois,2.04,2.08,0.04,40.000000000000036,L2,ru,f,22,A1,C2,153.11,rus,ru-fr_interference/2/wav_et_textgrids/FRcorp_textgrids_only/AB/ab_rus_list1_FRcorp12.TextGrid,ru-fr_interference/2/wav_et_textgrids/FRcorp_textgrids_only/AB/ab_rus_list1_FRcorp12.wav,False,False,2.06,1110.7062088261453,2066.4212232855602,,,,,,,,,,0.001722836344148624,5000,
AB,FRcorp12,12,1,list1,12,ʁ,ʁ,trois,2.08,2.16,0.08,80.00000000000007,L2,ru,f,22,A1,C2,153.11,rus,ru-fr_interference/2/wav_et_textgrids/FRcorp_textgrids_only/AB/ab_rus_list1_FRcorp12.TextGrid,ru-fr_interference/2/wav_et_textgrids/FRcorp_textgrids_only/AB/ab_rus_list1_FRcorp12.wav,False,True,2.12,603.3256911920931,1111.8804728024363,,,,,,,,,4194.734751931965,0.001747373078109619,5000,
AB,FRcorp12,12,1,list1,13,w,w,trois,2.16,2.22,0.06,60.00000000000006,L2,ru,f,22,A1,C2,153.11,rus,ru-fr_interference/2/wav_et_textgrids/FRcorp_textgrids_only/AB/ab_rus_list1_FRcorp12.TextGrid,ru-fr_interference/2/wav_et_textgrids/FRcorp_textgrids_only/AB/ab_rus_list1_FRcorp12.wav,False,False,2.1900000000000004,517.7635293514911,985.7147793513561,,,,,,,,217.16214517358958,,0.013435917890393369,5000,
AB,FRcorp12,12,1,list1,14,a,a,trois,2.22,2.36,0.1399999999999996,139.9999999999997,L2,ru,f,22,A1,C2,153.11,rus,ru-fr_interference/2/wav_et_textgrids/FRcorp_textgrids_only/AB/ab_rus_list1_FRcorp12.TextGrid,ru-fr_interference/2/wav_et_textgrids/FRcorp_textgrids_only/AB/ab_rus_list1_FRcorp12.wav,True,False,2.29,782.4791144701265,1404.509882499903,2779.4251878096316,702.9777841798294,1287.6368609347494,2761.6449971443276,759.0791599615366,1301.4328949923079,2863.7627820684274,212.77168222657465,,0.012082963475645596,5000,
AB,FRcorp12,12,1,list1,15,f,f,fois,2.36,2.52,0.1600000000000001,160.00000000000014,L2,ru,f,22,A1,C2,153.11,rus,ru-fr_interference/2/wav_et_textgrids/FRcorp_textgrids_only/AB/ab_rus_list1_FRcorp12.TextGrid,ru-fr_interference/2/wav_et_textgrids/FRcorp_textgrids_only/AB/ab_rus_list1_FRcorp12.wav,False,True,2.44,1330.2232910205348,1472.1462880614895,,,,,,,,,5565.382535128604,0.0007917179135341001,5000,
AB,FRcorp12,12,1,list1,16,w,w,fois,2.52,2.58,0.06,60.00000000000006,L2,ru,f,22,A1,C2,153.11,rus,ru-fr_interference/2/wav_et_textgrids/FRcorp_textgrids_only/AB/ab_rus_list1_FRcorp12.TextGrid,ru-fr_interference/2/wav_et_textgrids/FRcorp_textgrids_only/AB/ab_rus_list1_FRcorp12.wav,False,False,2.55,497.80024475481974,889.1471860930893,,,,,,,,96.86206840870034,,0.011018002664084106,5000,
AB,FRcorp12,12,1,list1,17,a,a,fois,2.58,2.76,0.1799999999999997,179.99999999999972,L2,ru,f,22,A1,C2,153.11,rus,ru-fr_interference/2/wav_et_textgrids/FRcorp_textgrids_only/AB/ab_rus_list1_FRcorp12.TextGrid,ru-fr_interference/2/wav_et_textgrids/FRcorp_textgrids_only/AB/ab_rus_list1_FRcorp12.wav,True,False,2.67,852.1396343448994,1397.4792148405475,3030.9470364686695,754.5800573393714,1289.0802274182377,3023.719062261685,1237.9306657749653,2028.2319697104917,3469.2800755323,205.77423866203375,,0.00811948796967754,5000,
AB,FRcorp13,13,1,list1,2,d,d,dis,0.67,0.82,0.1499999999999999,149.99999999999991,L2,ru,f,22,A1,C2,153.11,rus,ru-fr_interference/2/wav_et_textgrids/FRcorp_textgrids_only/AB/ab_rus_list1_FRcorp13.TextGrid,ru-fr_interference/2/wav_et_textgrids/FRcorp_textgrids_only/AB/ab_rus_list1_FRcorp13.wav,False,False,0.745,234.19961608255474,844.6710353584701,,,,,,,,200.22760338693067,,0.006013259928933794,5000,
AB,FRcorp13,13,1,list1,3,i,i,dis,0.82,1.05,0.2300000000000001,230.00000000000009,L2,ru,f,22,A1,C2,153.11,rus,ru-fr_interference/2/wav_et_textgrids/FRcorp_textgrids_only/AB/ab_rus_list1_FRcorp13.TextGrid,ru-fr_interference/2/wav_et_textgrids/FRcorp_textgrids_only/AB/ab_rus_list1_FRcorp13.wav,True,False,0.935,461.7955917258034,2693.365686461174,3724.022005643609,397.34495862348194,2669.0313314663103,3611.8319118287773,381.1983254631796,2718.853838029994,3685.4224883370425,218.94944096701653,,0.008703525052142308,5000,
AB,FRcorp13,13,1,list1,5,t͡s,t͡s,tsarine,1.13137,1.29033,0.15896,158.95999999999998,L2,ru,f,22,A1,C2,153.11,rus,ru-fr_interference/2/wav_et_textgrids/FRcorp_textgrids_only/AB/ab_rus_list1_FRcorp13.TextGrid,ru-fr_interference/2/wav_et_textgrids/FRcorp_textgrids_only/AB/ab_rus_list1_FRcorp13.wav,False,False,1.21085,1004.6249443841882,1622.8582688236368,,,,,,,,,,0.005676315577048083,5000,
AB,FRcorp13,13,1,list1,6,a,a,tsarine,1.29033,1.39007,0.0997399999999999,99.73999999999994,L2,ru,f,22,A1,C2,153.11,rus,ru-fr_interference/2/wav_et_textgrids/FRcorp_textgrids_only/AB/ab_rus_list1_FRcorp13.TextGrid,ru-fr_interference/2/wav_et_textgrids/FRcorp_textgrids_only/AB/ab_rus_list1_FRcorp13.wav,True,False,1.3401999999999998,732.6481651723188,1818.376929358781,2944.3653546196574,668.9912387414344,1957.636082344931,2920.7764390162843,745.0176944635134,1757.547426685865,2964.550756236348,201.59234160266544,,0.010457001255600586,5000,
AB,FRcorp13,13,1,list1,7,ʁ,ʁ,tsarine,1.39007,1.46,0.06993,69.93000000000005,L2,ru,f,22,A1,C2,153.11,rus,ru-fr_interference/2/wav_et_textgrids/FRcorp_textgrids_only/AB/ab_rus_list1_FRcorp13.TextGrid,ru-fr_interference/2/wav_et_textgrids/FRcorp_textgrids_only/AB/ab_rus_list1_FRcorp13.wav,False,True,1.4250349999999998,304.0063381929706,1595.6818815750682,,,,,,,,201.37899344084107,2592.9779124880115,0.006054496330330763,5000,
AB,FRcorp13,13,1,list1,8,i,i,tsarine,1.46,1.55,0.09,90.00000000000009,L2,ru,f,22,A1,C2,153.11,rus,ru-fr_interference/2/wav_et_textgrids/FRcorp_textgrids_only/AB/ab_rus_list1_FRcorp13.TextGrid,ru-fr_interference/2/wav_et_textgrids/FRcorp_textgrids_only/AB/ab_rus_list1_FRcorp13.wav,True,False,1.505,477.38806958411163,2701.4434365602715,3484.616647346757,420.1826755030481,2433.203109973956,3214.001052253848,462.59364603172025,815.6131105554496,2675.4924720645827,215.81826538457403,,0.012290698016866176,5000,
AB,FRcorp13,13,1,list1,9,n,n,tsarine,1.55,1.73,0.1799999999999999,179.99999999999994,L2,ru,f,22,A1,C2,153.11,rus,ru-fr_interference/2/wav_et_textgrids/FRcorp_textgrids_only/AB/ab_rus_list1_FRcorp13.TextGrid,ru-fr_interference/2/wav_et_textgrids/FRcorp_textgrids_only/AB/ab_rus_list1_FRcorp13.wav,False,False,1.6400000000000001,336.0639258480442,777.7616503184562,,,,,,,,273.94524172613876,,0.007460997224942021,5000,
AB,FRcorp13,13,1,list1,11,t,t,trois,2.06,2.11,0.0499999999999998,49.99999999999982,L2,ru,f,22,A1,C2,153.11,rus,ru-fr_interference/2/wav_et_textgrids/FRcorp_textgrids_only/AB/ab_rus_list1_FRcorp13.TextGrid,ru-fr_interference/2/wav_et_textgrids/FRcorp_textgrids_only/AB/ab_rus_list1_FRcorp13.wav,False,False,2.085,1395.2936832717849,2408.6126741822377,,,,,,,,,,0.001890729265181466,5000,
AB,FRcorp13,13,1,list1,12,ʁ,ʁ,trois,2.11,2.19,0.08,80.00000000000007,L2,ru,f,22,A1,C2,153.11,rus,ru-fr_interference/2/wav_et_textgrids/FRcorp_textgrids_only/AB/ab_rus_list1_FRcorp13.TextGrid,ru-fr_interference/2/wav_et_textgrids/FRcorp_textgrids_only/AB/ab_rus_list1_FRcorp13.wav,False,True,2.15,710.4164652688471,1286.3602605314659,,,,,,,,,4466.54247678663,0.0014897228522233708,5000,
AB,FRcorp13,13,1,list1,13,w,w,trois,2.19,2.23,0.04,40.000000000000036,L2,ru,f,22,A1,C2,153.11,rus,ru-fr_interference/2/wav_et_textgrids/FRcorp_textgrids_only/AB/ab_rus_list1_FRcorp13.TextGrid,ru-fr_interference/2/wav_et_textgrids/FRcorp_textgrids_only/AB/ab_rus_list1_FRcorp13.wav,False,False,2.21,510.9191037268823,1026.5097462803596,,,,,,,,217.53004169198095,,0.01430854629121562,5000,
AB,FRcorp13,13,1,list1,14,a,a,trois,2.23,2.39,0.1600000000000001,160.00000000000014,L2,ru,f,22,A1,C2,153.11,rus,ru-fr_interference/2/wav_et_textgrids/FRcorp_textgrids_only/AB/ab_rus_list1_FRcorp13.TextGrid,ru-fr_interference/2/wav_et_textgrids/FRcorp_textgrids_only/AB/ab_rus_list1_FRcorp13.wav,True,False,2.31,769.8705802188426,1307.6080634258587,2798.297741061151,690.9502853263141,1270.8135517200933,2785.518489553652,709.6099901439495,1246.2014973138853,2852.80824363474,214.4441229462168,,0.011941888961291757,5000,
AB,FRcorp13,13,1,list1,15,f,f,fois,2.39,2.54,0.1499999999999999,149.99999999999991,L2,ru,f,22,A1,C2,153.11,rus,ru-fr_interference/2/wav_et_textgrids/FRcorp_textgrids_only/AB/ab_rus_list1_FRcorp13.TextGrid,ru-fr_interference/2/wav_et_textgrids/FRcorp_textgrids_only/AB/ab_rus_list1_FRcorp13.wav,False,True,2.465,1436.000324147038,1743.6323122251058,,,,,,,,,6361.554082457882,0.0007399267059163945,5000,
AB,FRcorp13,13,1,list1,16,w,w,fois,2.54,2.62,0.08,80.00000000000007,L2,ru,f,22,A1,C2,153.11,rus,ru-fr_interference/2/wav_et_textgrids/FRcorp_textgrids_only/AB/ab_rus_list1_FRcorp13.TextGrid,ru-fr_interference/2/wav_et_textgrids/FRcorp_textgrids_only/AB/ab_rus_list1_FRcorp13.wav,False,False,2.58,462.2928103816512,765.4187454562878,,,,,,,,98.64174217718853,,0.00750157195162353,5000,
AB,FRcorp13,13,1,list1,17,a,a,fois,2.62,2.77,0.1499999999999999,149.99999999999991,L2,ru,f,22,A1,C2,153.11,rus,ru-fr_interference/2/wav_et_textgrids/FRcorp_textgrids_only/AB/ab_rus_list1_FRcorp13.TextGrid,ru-fr_interference/2/wav_et_textgrids/FRcorp_textgrids_only/AB/ab_rus_list1_FRcorp13.wav,True,False,2.6950000000000003,827.0690655096739,1405.3194755308202,2940.1489204266277,880.3838420499283,1405.6239593092791,2863.125630753612,170.32428560057642,1294.610392749695,3132.924442913019,216.92186975083416,,0.005530639616713722,5000,
